layer,kind,ctx,oracle_pass,production_min_wall_us,production_median_wall_us,production_min_gpu_us,matched_control_min_wall_us,matched_control_median_wall_us,matched_control_min_gpu_us,megakernel_min_wall_us,megakernel_median_wall_us,megakernel_min_gpu_us,mlx_min_wall_us,mlx_median_wall_us,mlx_bf16_min_wall_us,mlx_bf16_median_wall_us,mlx_best_min_wall_us,mega_over_production,production_over_best_mlx,production_every_pair_faster,production_worst_output_cosine,megakernel_over_best_mlx,megakernel_every_pair_faster,megakernel_worst_output_cosine
0,gdn,128,True,648.44401,651.1875,641.544271,750.597656,753.692708,743.128906,839.765625,840.893229,833.1875,1023.889313,1098.90625,1105.585937,1116.130219,1023.889313,1.295047,0.633315,True,0.9999798457791951,0.820172,True,0.999979963996676
1,gdn,128,True,645.498698,647.738281,637.619792,752.669271,754.580729,745.794271,839.294271,841.166667,832.542969,1095.100281,1108.260437,1099.565125,1111.920563,1095.100281,1.300226,0.589443,True,0.9999327861643733,0.766409,True,0.9999323780447917
2,gdn,128,True,647.454427,649.578125,641.005208,749.63151,752.03125,742.665365,837.765625,839.957031,831.126302,1069.089844,1117.188812,1106.673188,1116.742187,1069.089844,1.293938,0.605613,True,0.99994778445292,0.783625,True,0.99994799267549
3,attention,128,True,628.195312,632.371094,622.110677,729.488281,736.24349,723.33724,821.93099,824.830729,815.483073,1287.751281,1292.747406,1222.261719,1229.867188,1222.261719,1.3084,0.513961,True,0.9999757794019398,0.672467,True,0.9999771677601111
3,attention,4096,True,850.704427,852.217448,842.583333,947.257812,951.498698,941.164062,1070.014323,1072.701823,1063.989583,1512.897125,1527.216156,1453.376281,1460.627625,1453.376281,1.257798,0.58533,True,0.9999806804506282,0.736227,True,0.9999802794307733
3,attention,8192,True,1066.059896,1068.604167,1059.709635,1148.847656,1151.792969,1142.910156,1299.075521,1301.18099,1292.06901,1777.0,1782.947906,1723.388031,1739.619781,1723.388031,1.218576,0.618584,True,0.9999734816569741,0.753792,True,0.999973981753623
4,gdn,128,True,648.641927,651.257813,641.729167,748.307292,751.210938,741.236979,840.490885,840.800781,833.43099,1040.388031,1112.003906,1106.125,1113.404937,1040.388031,1.29577,0.623462,True,0.9999180805269731,0.807863,True,0.9999180552550877
5,gdn,128,True,652.651042,655.283854,645.932292,752.260417,755.490885,745.378906,839.865885,842.152344,832.897135,1056.552094,1113.386719,1104.841156,1121.747406,1056.552094,1.286853,0.617718,True,0.9999351585667082,0.794912,True,0.9999352686075315
6,gdn,128,True,652.286458,655.207031,645.359375,749.402344,751.390625,743.734375,840.075521,843.074219,833.464844,1073.717469,1123.321594,1110.539062,1117.679687,1073.717469,1.287894,0.607503,True,0.9999404533417118,0.782399,True,0.9999401138956253
7,attention,128,True,626.720052,630.473958,620.800781,730.061198,733.244792,724.1875,820.94401,823.199219,814.842448,1287.765625,1292.183594,1219.444031,1230.145844,1219.444031,1.309905,0.513939,True,0.9999699635993362,0.673212,True,0.9999700795285194
7,attention,4096,True,852.571615,854.342448,845.606771,948.403646,951.59375,941.789063,1066.6875,1069.4375,1060.882813,1532.384125,1546.438813,1450.977875,1458.684906,1450.977875,1.251141,0.587584,True,0.9999661448958489,0.735151,True,0.9999651411194345
7,attention,8192,True,1066.014323,1067.789063,1059.746094,1147.121094,1149.46224,1140.488281,1298.041667,1299.453125,1290.726562,1779.234375,1790.515625,1727.614594,1743.983063,1727.614594,1.217659,0.617044,True,0.9999609315210284,0.751349,True,0.9999615658063287
8,gdn,128,True,648.829427,651.828125,642.35026,752.39974,754.471354,744.710938,841.286458,842.102865,834.359375,1079.082031,1111.371094,1096.498688,1111.476562,1079.082031,1.296622,0.601279,True,0.9999296843727273,0.779632,True,0.9999294189502158
9,gdn,128,True,647.893229,649.501302,640.429687,752.121094,754.867187,745.363281,838.544271,841.799479,830.882812,1041.717437,1115.115906,1091.21875,1113.511719,1041.717437,1.294263,0.621947,True,0.9999388482665705,0.804963,True,0.9999385386576378
10,gdn,128,True,646.492187,649.036458,639.152344,749.947917,752.266927,743.484375,839.246094,841.220052,832.359375,1044.46875,1100.109375,1108.496094,1123.28125,1044.46875,1.298153,0.618967,True,0.9999359861217407,0.803515,True,0.9999359638360502
11,attention,128,True,630.066406,633.148438,623.184896,729.65625,731.171875,722.046875,821.856771,823.613281,814.654948,1288.708344,1292.476562,1223.53125,1229.075531,1223.53125,1.304397,0.514957,True,0.999976715798613,0.671709,True,0.9999764184874133
11,attention,4096,True,849.515625,853.104167,843.584635,948.791667,950.660156,941.59375,1069.726563,1072.304687,1063.601562,1533.790375,1544.329438,1454.428406,1457.760406,1454.428406,1.259219,0.584089,True,0.9999766637265297,0.735496,True,0.9999767145959816
11,attention,8192,True,1064.234375,1066.520833,1057.894531,1146.643229,1148.960938,1140.092448,1298.763021,1300.902344,1291.6875,1784.584656,1787.994813,1730.09375,1744.796875,1730.09375,1.220373,0.615131,True,0.999975577012514,0.750689,True,0.999975440148587
12,gdn,128,True,647.99349,650.820312,640.679688,754.445312,759.30599,747.846354,842.09375,845.473958,834.945313,1063.828125,1111.395844,1103.923156,1115.020844,1063.828125,1.29954,0.609115,True,0.9999293763755517,0.791569,True,0.9999294763740203
13,gdn,128,True,651.417969,655.070312,644.609375,749.428385,753.811198,743.653646,839.548177,843.109375,833.585937,1068.90625,1107.424469,1108.483062,1124.53775,1068.90625,1.288801,0.609425,True,0.9999341247594534,0.785427,True,0.9999340683773367
14,gdn,128,True,648.950521,652.416667,642.690104,753.1875,755.440104,746.514323,840.404948,842.669271,832.536458,1083.917969,1109.40625,1103.447906,1115.184906,1083.917969,1.295022,0.598708,True,0.9999329678583391,0.77534,True,0.999932978279019
15,attention,128,True,627.010417,630.351563,620.928385,730.167969,732.970052,723.445313,821.33724,825.300781,815.707031,1289.989594,1291.558594,1219.59375,1229.96875,1219.59375,1.309926,0.514114,True,0.9999512452805375,0.673451,True,0.9999524218928785
15,attention,4096,True,852.045573,855.21875,845.606771,951.049479,954.954427,944.380208,1072.404948,1079.157552,1065.540365,1538.985687,1551.389313,1454.84375,1466.623687,1454.84375,1.258624,0.585661,True,0.9999447966018905,0.737127,True,0.9999462540809468
15,attention,8192,True,1069.253906,1084.578125,1063.364583,1150.897135,1163.140625,1143.420573,1308.779948,1324.710938,1301.888021,1819.016938,1886.339844,1745.85675,1789.584656,1745.85675,1.224012,0.612452,True,0.9999518454915807,0.749649,True,0.999952045349342
16,gdn,128,True,653.329427,661.704427,645.501302,753.563802,767.735677,747.809896,849.938802,870.044271,842.063802,1098.605469,1165.684875,1094.079406,1140.70575,1094.079406,1.300935,0.59715,True,0.9999302054226303,0.776853,True,0.9999302350800321
17,gdn,128,True,646.934896,656.303385,640.10026,751.825521,762.070312,744.50651,840.360677,855.467448,832.808594,1047.195313,1129.322906,1109.157531,1133.389312,1047.195313,1.298988,0.617779,True,0.9999333023438332,0.802487,True,0.9999332532294452
18,gdn,128,True,650.878906,653.751302,642.613281,753.977865,756.699219,746.291667,841.154948,845.955729,833.036458,1075.984375,1131.513,1103.408844,1121.162781,1075.984375,1.292337,0.604915,True,0.9999363725102348,0.781754,True,0.9999364812670949
19,attention,128,True,628.473958,630.825521,622.561198,735.34375,740.856771,729.690104,825.039063,828.326823,818.46875,1287.71875,1291.998687,1225.619781,1232.045562,1225.619781,1.312766,0.512781,True,0.9999820557056627,0.673161,True,0.9999816211064328
19,attention,4096,True,852.496094,854.309896,846.045573,951.882812,954.376302,944.729167,1073.851562,1078.714844,1067.550781,1537.854156,1544.355469,1452.6875,1466.649719,1452.6875,1.259656,0.586841,True,0.9999838153413702,0.739217,True,0.9999839206767436
19,attention,8192,True,1071.121094,1080.072917,1064.126302,1149.401042,1162.755208,1143.738281,1307.417969,1321.752604,1298.442708,1797.365875,1822.597656,1747.545562,1767.85025,1747.545562,1.220607,0.612929,True,0.9999724636223297,0.748145,True,0.9999730110913209
20,gdn,128,True,649.420573,655.739583,640.558594,755.005208,762.233073,746.84375,842.16276,848.828125,834.882813,1064.449219,1113.345062,1006.144531,1134.90625,1006.144531,1.296791,0.645455,True,0.9999351738787121,0.83702,True,0.9999348852187647
21,gdn,128,True,648.042969,651.026042,641.807292,753.5625,756.934896,747.675781,839.371094,842.136719,833.046875,1056.179688,1116.559906,995.59375,1111.052094,995.59375,1.29524,0.650911,True,0.9999389650398387,0.843086,True,0.9999389741910295
22,gdn,128,True,649.701823,652.998698,643.365885,751.834635,754.44401,745.230469,836.976563,840.065104,830.929687,1044.959656,1108.946594,1105.307281,1118.498688,1044.959656,1.288247,0.621748,True,0.9999302438611037,0.800965,True,0.9999302962302574
23,attention,128,True,627.574219,629.677083,620.016927,736.566406,737.644531,729.147135,824.052083,827.459635,817.740885,1288.759125,1292.898437,1219.661469,1229.709625,1219.661469,1.313075,0.514548,True,0.9999434512925066,0.67564,True,0.9999432155535188
23,attention,4096,True,864.171875,959.72526,857.730469,1000.708333,1057.441406,991.636719,1071.714844,1217.447917,1064.804687,1670.463531,1844.192688,1547.516938,1725.135438,1547.516938,1.240164,0.558425,True,0.9999080852313273,0.692538,True,0.9999068698505442
23,attention,8192,True,1181.579427,1249.045573,1172.744792,1339.063802,1372.264323,1328.088542,1491.196615,1590.9375,1481.036458,2247.960937,2353.380219,2060.122406,2171.257813,2060.122406,1.262037,0.573548,True,0.9999075038633127,0.723839,True,0.9999075215984699
24,gdn,128,True,651.595052,655.721354,644.180989,753.71224,756.328125,744.777344,838.627604,841.93099,830.884115,1067.431,1109.045563,1109.505219,1131.60675,1067.431,1.287038,0.610433,True,0.999925275645596,0.78565,True,0.9999248617219377
25,gdn,128,True,657.99349,663.981771,649.786458,752.270833,764.572917,745.559896,840.552083,844.516927,834.540365,1075.390625,1104.743469,1108.408844,1123.088531,1075.390625,1.277447,0.611865,True,0.9999343680492749,0.781625,True,0.9999344417945485
26,gdn,128,True,649.764323,663.503906,643.177083,754.0,761.893229,747.890625,837.945312,849.53125,831.859375,1099.802062,1131.459656,1104.678375,1137.813781,1099.802062,1.289614,0.590801,True,0.9999331999847768,0.761906,True,0.9999331676065659
27,attention,128,True,629.583333,634.908854,623.786458,733.61849,736.019531,724.790365,823.46224,827.592448,817.436198,1288.14975,1296.151031,1214.59375,1225.147125,1214.59375,1.307948,0.518349,True,0.9999702714740266,0.677973,True,0.9999704850220866
27,attention,4096,True,898.178385,1080.22526,888.079427,1002.889323,1245.570312,996.054687,1144.614583,1435.985677,1136.027344,1702.520844,2131.583312,1572.704438,1867.188813,1572.704438,1.274373,0.571104,True,0.9999720984183891,0.7278,True,0.9999724644404285
27,attention,8192,True,1264.858073,1420.471354,1256.019531,1373.760417,1554.554687,1366.334635,1603.235677,1818.690104,1594.135417,2484.804687,2609.195313,2171.123688,2406.813781,2171.123688,1.267522,0.582582,True,0.9999722025479112,0.738436,True,0.9999727958318247
28,gdn,128,True,670.110677,711.566406,663.282552,773.653646,812.807292,765.911458,855.401042,931.371094,848.132813,1082.040375,1215.815094,1132.197906,1218.733063,1082.040375,1.276507,0.619303,True,0.9999258311920324,0.790544,True,0.9999259119005045
29,gdn,128,True,668.330729,710.647135,659.692708,777.535156,827.880208,768.473958,867.533854,955.453125,858.697917,1131.8685,1236.979187,1088.221344,1201.553375,1088.221344,1.298061,0.61415,True,0.9999254832241623,0.797203,True,0.9999256021917017
30,gdn,128,True,667.22526,702.263021,661.442708,773.809896,809.557292,766.744792,850.303385,917.8125,844.595052,1051.352875,1232.973969,1077.605469,1197.240875,1051.352875,1.274387,0.634635,True,0.9999198765608697,0.808771,True,0.9999195679761421
31,attention,128,True,643.09375,666.778646,636.294271,743.481771,774.546875,736.753906,846.927083,886.985677,835.054688,1275.683594,1383.020812,1221.657562,1281.455719,1221.657562,1.316957,0.526411,True,0.9999295050601524,0.693261,True,0.9999289349493724
31,attention,4096,True,1040.764323,1207.441406,1031.821615,1108.932292,1344.039063,1101.428385,1332.928385,1576.257812,1320.826823,1938.503906,2287.989594,1832.175781,2090.473969,1832.175781,1.280721,0.568048,True,0.9999157715333863,0.727511,True,0.9999169614864146
31,attention,8192,True,1401.114583,1430.901042,1386.919271,1413.540365,1518.645833,1404.510417,1716.196615,1800.714844,1707.630208,2499.484375,2593.240875,2341.928375,2403.858062,2341.928375,1.22488,0.598274,True,0.9999044601132369,0.732813,True,0.9999050349316032
32,gdn,128,True,681.33724,717.908854,673.53776,779.486979,820.209635,771.151042,865.546875,941.557292,856.022135,1114.322938,1202.144531,1120.615875,1196.591156,1114.322938,1.270365,0.611436,True,0.9999247699238824,0.776747,True,0.9999244583961339
33,gdn,128,True,680.736979,724.511719,673.035156,781.579427,856.898438,773.054687,850.141927,1015.990885,844.067708,1177.186188,1357.361969,1136.213562,1245.880219,1136.213562,1.248855,0.599128,True,0.9999226767127218,0.748224,True,0.9999225290985451
34,gdn,128,True,668.675781,704.542969,662.276042,781.739583,814.740885,772.386719,845.802083,931.890625,837.75651,1094.596344,1218.947906,1116.300781,1180.722656,1094.596344,1.264891,0.610888,True,0.9999225700809041,0.772707,True,0.9999224452179252
35,attention,128,True,646.308594,682.871094,639.945313,743.919271,781.345052,736.9375,843.132813,894.200521,835.395833,1274.114594,1397.536469,1217.779969,1302.335937,1217.779969,1.304536,0.530727,True,0.9999017553399626,0.692352,True,0.9999015916410716
35,attention,4096,True,1002.91276,1123.136719,994.440104,1123.464844,1284.800781,1113.415365,1301.998698,1470.825521,1294.052083,1935.212219,2190.261719,1804.390625,2025.779937,1804.390625,1.298217,0.555818,True,0.9999259192505734,0.721573,True,0.9999262197460025
35,attention,8192,True,1320.016927,1357.164063,1308.183594,1406.227865,1461.270833,1393.352865,1650.78776,1721.966146,1635.765625,2370.236969,2475.778625,2187.9505,2296.173187,2187.9505,1.250581,0.603312,True,0.9999326492255883,0.75449,True,0.9999313900607832
36,gdn,128,True,662.591146,690.157552,655.114583,767.707031,803.985677,762.953125,868.867187,914.657552,859.936198,1115.776031,1215.798188,1108.578125,1189.104156,1108.578125,1.311317,0.597695,True,0.9999309122078455,0.783767,True,0.9999312479883277
37,gdn,128,True,663.757812,688.03125,658.78776,776.582031,790.311198,767.46875,862.46875,895.716146,853.963542,1044.854156,1218.960938,1012.747406,1124.33725,1012.747406,1.299373,0.655403,True,0.9999264814062155,0.851613,True,0.9999260779976044
38,gdn,128,True,670.549479,683.765625,664.125,771.644531,784.617188,764.467448,851.89974,877.074219,845.59375,1043.487,1155.348969,1115.272125,1152.002594,1043.487,1.27045,0.642605,True,0.9999340657779187,0.816397,True,0.9999336736744913
39,attention,128,True,647.359375,665.824219,640.654948,746.076823,758.833333,740.164062,836.90625,844.520833,828.18099,1278.183594,1296.934875,1217.065125,1223.769531,1217.065125,1.2928,0.531902,True,0.9998934818092092,0.687643,True,0.9998932160632238
39,attention,4096,True,943.786458,1045.143229,935.578125,1043.808594,1170.076823,1031.365885,1163.523437,1347.575521,1153.138021,1683.972656,2016.707031,1610.809875,1823.269531,1610.809875,1.232825,0.585908,True,0.9999098415645389,0.722322,True,0.9999108844697986
39,attention,8192,True,1265.63151,1287.330729,1257.303385,1378.082031,1390.352865,1368.276042,1579.864583,1633.348958,1570.455729,2291.384094,2337.373687,2140.46875,2156.5,2140.46875,1.248282,0.591287,True,0.9998914844565667,0.738093,True,0.999890917816089
40,gdn,128,True,679.248698,694.622396,670.029948,775.950521,788.765625,770.43099,848.967448,902.520833,841.287761,1115.214844,1141.677094,1044.846344,1183.147156,1044.846344,1.249862,0.650094,True,0.999925608527047,0.812529,True,0.9999257394368363
41,gdn,128,True,658.117188,670.125,648.89974,760.789063,769.375,753.377604,845.066406,861.44401,838.768229,1082.315094,1128.936187,1112.787781,1132.292969,1082.315094,1.284067,0.608064,True,0.999927146621225,0.780795,True,0.9999275017167265
42,gdn,128,True,666.545573,676.19401,657.9375,769.138021,776.529948,763.473958,855.619792,871.25651,848.766927,1112.574219,1128.253906,1020.746094,1141.35025,1020.746094,1.283663,0.652998,True,0.9999249713708417,0.83823,True,0.9999245229008158
43,attention,128,True,647.942708,654.705729,642.143229,746.166667,750.122396,739.393229,833.273437,843.638021,827.78125,1280.859375,1286.013031,1210.647125,1225.809875,1210.647125,1.28603,0.535204,True,0.9999320065947006,0.688288,True,0.9999328381424183
43,attention,4096,True,882.66276,978.842448,875.786458,992.869792,1051.0,981.276042,1118.449219,1205.584635,1108.278646,1615.322906,1765.523438,1531.532531,1658.7435,1531.532531,1.267131,0.576326,True,0.99994293825219,0.730281,True,0.9999433840912763
43,attention,8192,True,1205.476563,1316.153646,1197.191406,1307.125,1400.033854,1299.161458,1540.35026,1637.238281,1529.911458,2247.201813,2356.007812,2121.550781,2173.454437,2121.550781,1.277794,0.568205,True,0.9999396069092498,0.726049,True,0.9999395697538671
44,gdn,128,True,672.582031,694.804687,665.699219,775.223958,801.536458,766.598958,843.779948,896.664063,838.723958,1049.3125,1195.395844,1127.169281,1163.798156,1049.3125,1.254538,0.640974,True,0.9999251632524486,0.804126,True,0.9999257561022167
45,gdn,128,True,673.83724,688.869792,667.210938,772.147135,781.682292,766.985677,849.752604,877.597656,842.765625,1082.53775,1147.945312,1027.089844,1128.510406,1027.089844,1.261065,0.656065,True,0.9999216273677518,0.82734,True,0.9999219202472707
46,gdn,128,True,663.916667,685.950521,657.953125,767.449219,778.813802,761.321615,844.048177,859.427083,838.609375,1053.622406,1122.638031,1096.201844,1129.234375,1053.622406,1.271316,0.630128,True,0.9999222867005657,0.801092,True,0.9999219390906222
47,attention,128,True,646.529948,664.123698,640.773437,747.141927,753.679687,740.696615,838.533854,843.527344,832.393229,1267.35675,1285.66275,1211.802062,1219.884125,1211.802062,1.296976,0.533528,True,0.9998900297890395,0.691973,True,0.9998900716049474
47,attention,4096,True,894.820313,932.740885,886.091146,992.58724,1031.113281,982.199219,1119.311198,1191.375,1112.74349,1544.158844,1716.804688,1508.302094,1582.766906,1508.302094,1.250878,0.593263,True,0.9998807260012079,0.7421,True,0.9998803285497815
47,attention,8192,True,1218.407552,1294.39974,1208.446615,1314.916667,1375.876302,1304.614583,1522.691406,1619.308594,1514.933594,2077.377594,2323.325531,2002.790344,2135.251312,2002.790344,1.249739,0.608355,True,0.999846422017297,0.760285,True,0.999847141824341
48,gdn,128,True,666.371094,693.648438,660.328125,770.658854,801.40625,764.019531,870.091146,903.838542,862.858073,1116.907563,1175.808594,1138.611969,1178.497375,1116.907563,1.305716,0.596622,True,0.9999263691220087,0.779018,True,0.9999265797196637
49,gdn,128,True,674.05599,690.109375,668.779948,766.053385,789.832031,758.010417,858.700521,878.841146,851.722656,1058.28775,1133.561188,1063.684875,1127.332031,1058.28775,1.273931,0.636931,True,0.9999260853937191,0.811406,True,0.999926175384346
50,gdn,128,True,664.621094,684.188802,659.628906,770.938802,774.207031,764.75,846.414063,863.778646,839.703125,1118.795594,1135.75,1108.380219,1133.330719,1108.380219,1.273529,0.599633,True,0.9999228275540091,0.76365,True,0.9999232199563076
51,attention,128,True,647.398438,655.472656,640.654948,744.846354,747.80599,738.247396,833.772135,842.338542,827.761719,1280.503906,1286.854156,1208.681,1225.055969,1208.681,1.287881,0.535624,True,0.9998837355381224,0.68982,True,0.999884115361266
51,attention,4096,True,880.007813,915.627604,873.270833,987.557292,1008.019531,976.72526,1116.894531,1152.063802,1104.207031,1566.490875,1657.485688,1481.115906,1563.335938,1481.115906,1.269187,0.594152,True,0.9998451446341087,0.75409,True,0.9998453376295589
51,attention,8192,True,1186.423177,1247.5,1175.459635,1249.209635,1329.526042,1242.209635,1455.199219,1562.128906,1447.161458,2010.682312,2233.579406,1895.548187,2065.894531,1895.548187,1.226543,0.6259,True,0.9998009642236213,0.767693,True,0.999799508018161
52,gdn,128,True,676.674479,699.567708,670.631511,792.515625,809.028646,782.355469,886.591146,917.175781,880.048177,1157.911469,1229.210938,1135.773438,1172.385438,1135.773438,1.310218,0.595783,True,0.9999156146194571,0.780606,True,0.9999157346663252
53,gdn,128,True,668.282552,678.473958,661.470052,767.678385,773.674479,760.255208,851.727865,877.602865,845.105469,1108.888031,1158.595031,1084.861969,1138.9505,1084.861969,1.274503,0.616007,True,0.9999123175532844,0.785103,True,0.9999122540361329
54,gdn,128,True,663.472656,682.207031,657.565104,763.290365,773.294271,756.795573,844.177083,861.619792,837.645833,1081.118469,1127.235688,1043.191406,1123.720063,1043.191406,1.272362,0.636003,True,0.9999166075180316,0.809225,True,0.9999172631433517
55,attention,128,True,640.572917,661.619792,635.08724,741.498698,749.60026,736.53776,832.466146,840.101562,826.684896,1276.829406,1282.157531,1210.058594,1216.348938,1210.058594,1.299565,0.529373,True,0.999857666536756,0.687955,True,0.9998583740210185
55,attention,4096,True,870.339844,903.169271,862.861979,964.848958,983.901042,957.664062,1083.229167,1105.459635,1077.260417,1527.3815,1552.355469,1456.171875,1501.416656,1456.171875,1.244605,0.59769,True,0.9997897410191687,0.743888,True,0.9997880536287551
55,attention,8192,True,1162.709635,1193.440104,1154.052083,1202.924479,1281.847656,1196.058594,1394.044271,1466.088542,1384.290365,1951.830719,2076.217437,1837.53125,1956.279938,1837.53125,1.198962,0.632756,True,0.9998555573181327,0.758651,True,0.9998561047378142
56,gdn,128,True,670.290365,703.289063,664.976562,795.325521,807.441406,785.817708,850.244792,919.832031,843.700521,1093.227875,1187.308594,1076.276031,1182.998688,1076.276031,1.268472,0.622787,True,0.9999023552910313,0.789988,True,0.9999018151491809
57,gdn,128,True,675.115885,687.050781,668.329427,768.41276,780.830729,762.257813,853.0,878.582031,846.766927,1096.641937,1153.669281,1064.458344,1158.623688,1064.458344,1.263487,0.634234,True,0.9999031224061092,0.801347,True,0.9999033417866825
58,gdn,128,True,648.5,654.06901,640.510417,750.696615,756.674479,743.891927,840.630208,844.347656,834.584635,1044.104188,1118.967437,1109.985656,1113.669281,1044.104188,1.296269,0.621107,True,0.9999011764553787,0.805121,True,0.9999003747576157
59,attention,128,True,643.097656,657.026042,636.811198,742.895833,749.925781,734.861979,838.985677,843.5,829.242188,1278.730469,1283.493469,1192.339844,1210.872375,1192.339844,1.304601,0.539358,True,0.9998201260555283,0.703646,True,0.9998200269665309
59,attention,4096,True,889.35026,916.363281,881.880208,967.96875,1007.47526,959.789062,1093.335938,1143.1875,1084.072917,1536.885438,1630.041656,1477.746094,1516.946625,1477.746094,1.229365,0.601829,True,0.9996909177107035,0.739867,True,0.9996901469379829
59,attention,8192,True,1162.53776,1237.442708,1152.647135,1233.27474,1322.730469,1224.782552,1411.611979,1540.044271,1403.217448,2007.7435,2201.936187,1902.666687,2042.64975,1902.666687,1.21425,0.611004,True,0.9996271689553311,0.741912,True,0.9996258968622973
60,gdn,128,True,680.709635,696.847656,673.925781,783.723958,812.014323,773.442708,872.013021,927.773438,862.160156,1078.923188,1212.213562,1122.175781,1197.71225,1078.923188,1.281035,0.630916,True,0.9998997880051019,0.808225,True,0.9998999851570097
61,gdn,128,True,662.903646,677.540365,656.585937,774.332031,791.152344,769.25,868.045573,890.893229,859.164063,1103.447906,1154.89325,1086.735687,1153.248688,1086.735687,1.30946,0.609995,True,0.9999043764989237,0.798764,True,0.999904523841735
62,gdn,128,True,662.347656,680.071615,656.954427,770.973958,784.240885,764.470052,846.402344,875.565104,839.378906,1066.175781,1155.0495,1034.539063,1143.848969,1034.539063,1.277882,0.640235,True,0.9998835622536772,0.818144,True,0.999884687280896
63,attention,128,True,628.459635,646.820312,622.611979,733.985677,740.757812,727.369792,826.22526,838.639323,818.132813,1274.751281,1286.501281,1204.316406,1223.565125,1204.316406,1.314683,0.521839,True,0.9999635626884676,0.686053,True,0.9999630258690132
63,attention,4096,True,870.858073,890.72526,862.980469,962.578125,998.342448,956.71224,1087.360677,1140.167969,1082.03125,1532.384094,1634.636719,1469.477844,1544.545594,1469.477844,1.248608,0.592631,True,0.9999388474955596,0.739964,True,0.9999408756154153
63,attention,8192,True,1151.111979,1238.214844,1142.095052,1241.652344,1343.709635,1231.752604,1404.489583,1545.971354,1395.083333,1917.1315,2188.608062,1903.011719,2059.485687,1903.011719,1.220116,0.60489,True,0.9999289838718791,0.738035,True,0.9999278167693386
