kind,ctx,workers,sgs,tn,split,error,production_gpu_us,matched_control_gpu_us,single_kernel_gpu_us,cosine,control_bit_exact
gdn,128,40,8,16,False,,319.578125,493.963542,588.953125,0.9999999242661617,True
gdn,128,40,8,16,True,,322.895833,494.4375,589.828125,0.9999999242661617,True
gdn,128,40,8,32,False,,320.9375,492.03125,571.192708,0.9999999242661617,True
gdn,128,40,8,32,True,,320.286458,490.109375,571.583333,0.9999999242661617,True
gdn,128,40,16,16,False,,319.875,338.385417,391.25,0.9999999785106313,True
gdn,128,40,16,16,True,,319.208333,338.234375,388.046875,0.9999999785106313,True
gdn,128,40,16,32,False,,320.182291,365.979167,418.984375,0.9999999785106313,True
gdn,128,40,16,32,True,,320.375,379.463542,418.739583,0.9999999785106313,True
gdn,128,60,8,16,False,,320.067708,404.34375,475.083333,0.9999999242661617,True
gdn,128,60,8,16,True,,320.057292,403.734375,475.822917,0.9999999242661617,True
gdn,128,60,8,32,False,,320.489584,488.390625,499.578125,0.9999999242661617,True
gdn,128,60,8,32,True,,319.625,447.90625,496.609375,0.9999999242661617,True
gdn,128,60,16,16,False,,319.755209,351.901042,446.880208,0.9999999785106313,True
gdn,128,60,16,16,True,,321.489584,351.744792,444.453125,0.9999999785106313,True
gdn,128,60,16,32,False,,321.4375,491.09375,527.963542,0.9999999785106313,True
gdn,128,60,16,32,True,,318.734375,493.973958,528.432292,0.9999999785106313,True
gdn,128,80,8,16,False,,320.130208,373.385417,425.125,0.9999999242661617,True
gdn,128,80,8,16,True,,319.057292,381.317708,423.4375,0.9999999242661617,True
gdn,128,80,8,32,False,,320.171875,489.536458,502.276042,0.9999999242661617,True
gdn,128,80,8,32,True,,321.151042,488.21875,500.098958,0.9999999242661617,True
gdn,128,80,16,16,False,,320.510416,330.270833,375.703125,0.9999999785106313,True
gdn,128,80,16,16,True,,321.052083,327.541667,374.385417,0.9999999785106313,True
gdn,128,80,16,32,False,,319.390625,420.71875,467.869792,0.9999999785106313,True
gdn,128,80,16,32,True,,320.177083,421.921875,465.541667,0.9999999785106313,True
gdn,128,40,32,16,False,,320.911459,349.515625,393.828125,0.9999999760273228,True
gdn,128,40,32,16,True,,320.614583,368.776042,393.838542,0.9999999760273228,True
gdn,128,40,32,32,False,pipeline failed: Threadgroup memory size (63488) exceeds the maximum threadgroup memory allowed (32768),,,,,False
gdn,128,40,32,32,True,pipeline failed: Threadgroup memory size (63488) exceeds the maximum threadgroup memory allowed (32768),,,,,False
gdn,128,20,16,16,False,,320.755208,581.151042,898.5625,0.9999999785106313,True
mlp,128,40,8,16,False,,313.203125,629.098958,686.9375,0.9999999995089294,True
mlp,128,40,8,16,True,,313.109375,627.015625,689.776042,0.9999999995089294,True
mlp,128,40,8,32,False,,313.380208,540.140625,582.239583,0.9999999995089294,True
mlp,128,40,8,32,True,,314.697916,540.109375,582.296875,0.9999999995089294,True
mlp,128,40,16,16,False,,313.3125,477.40625,547.338541,0.9999999999128053,True
mlp,128,40,16,16,True,,313.713542,455.270833,515.578125,0.9999999999128053,True
mlp,128,40,16,32,False,,313.645833,405.369792,449.03125,0.9999999999128053,True
mlp,128,40,16,32,True,,317.25,406.526042,448.609375,0.9999999999128053,True
mlp,128,60,8,16,False,,315.010417,511.723958,594.015625,0.9999999995089294,True
mlp,128,60,8,16,True,,313.692708,510.916667,590.109375,0.9999999995089294,True
mlp,128,60,8,32,False,,313.3125,506.484375,546.109375,0.9999999995089294,True
mlp,128,60,8,32,True,,314.963541,506.901042,546.802083,0.9999999995089294,True
mlp,128,60,16,16,False,,314.088542,525.651042,565.567708,0.9999999999128053,True
mlp,128,60,16,16,True,,313.739584,524.90625,566.932292,0.9999999999128053,True
mlp,128,60,16,32,False,,313.973958,482.947917,567.135417,0.9999999999128053,True
mlp,128,60,16,32,True,,314.135417,482.395833,565.380208,0.9999999999128053,True
mlp,128,80,8,16,False,,314.515625,481.276041,521.921875,0.9999999995089294,True
mlp,128,80,8,16,True,,314.432292,481.197917,517.994791,0.9999999995089294,True
mlp,128,80,8,32,False,,313.869792,518.0625,543.359375,0.9999999995089294,True
mlp,128,80,8,32,True,,315.338542,517.333333,544.645833,0.9999999995089294,True
mlp,128,80,16,16,False,,315.09375,436.723959,477.75,0.9999999999128053,True
mlp,128,80,16,16,True,,315.505208,435.270833,482.177083,0.9999999999128053,True
mlp,128,80,16,32,False,,314.697916,411.03125,486.25,0.9999999999128053,True
mlp,128,80,16,32,True,,314.359375,410.572917,477.53125,0.9999999999128053,True
mlp,128,40,32,16,False,,315.411458,401.322917,489.53125,0.9999999993406435,True
mlp,128,40,32,16,True,,315.473958,401.317708,488.979167,0.9999999993406435,True
mlp,128,40,32,32,False,,315.3125,377.645833,499.875,0.9999999993406435,True
mlp,128,40,32,32,True,,314.729167,401.223958,498.6875,0.9999999993406435,True
mlp,128,20,16,16,False,,314.171875,797.552083,913.171875,0.9999999999128053,True
attention,128,40,4,16,False,,302.651042,802.578125,842.40625,0.9999999783043289,True
attention,8192,40,4,16,False,,745.963541,1205.21875,1922.859375,0.9999999990471342,True
attention,128,40,4,16,True,,303.333333,715.432292,817.380208,0.9999999800847503,True
attention,8192,40,4,16,True,,745.552083,1118.84375,1902.010417,0.9999999989251256,True
attention,128,40,4,32,False,,302.130208,649.729167,686.572916,0.9999999783043289,True
attention,8192,40,4,32,False,,745.171875,1058.984375,1775.703125,0.9999999990471342,True
attention,128,40,4,32,True,,302.5625,553.880209,620.5,0.9999999800847503,True
attention,8192,40,4,32,True,,745.5,965.380208,1718.114583,0.9999999989251256,True
attention,128,40,8,16,False,,301.166667,515.072917,543.791667,0.9999999782968825,True
attention,8192,40,8,16,False,,746.125,888.104167,1256.921875,0.9999999988816437,True
attention,128,40,8,16,True,,302.317708,424.833333,481.453125,0.9999999803347203,True
attention,8192,40,8,16,True,,745.526042,802.416667,1190.026042,0.9999999989238245,True
attention,128,40,8,32,False,,302.536458,409.28125,448.640625,0.9999999782968825,True
attention,8192,40,8,32,False,,750.984375,825.854167,1166.291667,0.9999999988816437,True
attention,128,40,8,32,True,,302.255208,363.40625,412.723958,0.9999999803347203,True
attention,8192,40,8,32,True,,746.09375,772.15625,1134.28125,0.9999999989238245,True
attention,128,60,4,16,False,,301.333333,617.692708,662.208334,0.9999999783043289,True
attention,8192,60,4,16,False,,745.729167,1027.8125,1481.536458,0.9999999990471342,True
attention,128,60,4,16,True,,302.052083,547.427083,623.140625,0.9999999800847503,True
attention,8192,60,4,16,True,,747.276042,957.40625,1443.869792,0.9999999989251256,True
attention,128,60,4,32,False,,301.713542,522.765625,573.234375,0.9999999783043289,True
attention,8192,60,4,32,False,,746.005208,947.359375,1394.963542,0.9999999990471342,True
attention,128,60,4,32,True,,302.796875,449.880208,524.244792,0.9999999800847503,True
attention,8192,60,4,32,True,,747.286458,867.421875,1344.098958,0.9999999989251256,True
attention,128,60,8,16,False,,302.942708,431.104167,471.869791,0.9999999782968825,True
attention,8192,60,8,16,False,,747.151042,880.838542,1072.947917,0.9999999988816437,True
attention,128,60,8,16,True,,302.9375,343.432292,403.484375,0.9999999803347203,True
attention,8192,60,8,16,True,,745.84375,771.713542,991.895833,0.9999999989238245,True
attention,128,60,8,32,False,,303.203125,398.609375,443.0,0.9999999782968825,True
attention,8192,60,8,32,False,,745.958333,811.635417,1041.947916,0.9999999988816437,True
attention,128,60,8,32,True,,302.979167,322.677083,383.208333,0.9999999803347203,True
attention,8192,60,8,32,True,,745.505208,755.421875,969.661458,0.9999999989238245,True
attention,128,80,4,16,False,,302.114583,509.296875,562.276042,0.9999999783043289,True
attention,8192,80,4,16,False,,746.21875,921.802083,1187.8125,0.9999999990471342,True
attention,128,80,4,16,True,,302.177083,434.223959,512.380208,0.9999999800847503,True
attention,8192,80,4,16,True,,747.078125,853.692708,1134.828125,0.9999999989251256,True
attention,128,80,4,32,False,,302.536458,399.744791,458.489583,0.9999999783043289,True
attention,8192,80,4,32,False,,746.21875,821.270833,1074.630208,0.9999999990471342,True
attention,128,80,4,32,True,,302.807292,378.395833,445.817708,0.9999999800847503,True
attention,8192,80,4,32,True,,746.640625,804.411458,1073.953125,0.9999999989251256,True
attention,128,80,8,16,False,,305.942709,351.755208,401.291667,0.9999999782968825,True
attention,8192,80,8,16,False,,747.244792,797.489583,869.8125,0.9999999988816437,True
attention,128,80,8,16,True,,302.3125,310.348958,358.692708,0.9999999803347203,True
attention,8192,80,8,16,True,,746.276041,729.739583,835.838542,0.9999999989238245,True
attention,128,80,8,32,False,,302.963542,403.84375,454.192708,0.9999999782968825,True
attention,8192,80,8,32,False,,745.65625,816.369792,928.385417,0.9999999988816437,True
attention,128,80,8,32,True,,302.390625,333.140625,383.791666,0.9999999803347203,True
attention,8192,80,8,32,True,,745.473958,752.489583,868.572917,0.9999999989238245,True
