part,layer,ctx,kind,oracle_pass,fastest_mlx_us,production_us,optimized_mlp_control_us,optimized_mlp_us,optimized_mlp_native_us,optimized_mlp_all_pairs_original,optimized_mlp_wins_original,optimized_mlp_wins_mlx,optimized_mlp_native_all_pairs_original,optimized_mlp_native_wins_original,optimized_mlp_native_wins_mlx,matched_control_us,megakernel_us
mlp,0,128,gdn,True,680.363281389873,317.53385392948985,308.3841144107282,297.7486979216337,288.7864583171904,True,9,9,True,9,9,,
mlp,1,128,gdn,True,678.9309995838266,318.43489641323686,308.4661462344229,297.76302119717,289.0507811680436,True,9,9,True,9,9,,
mlp,2,128,gdn,True,672.5455627929477,317.326822783798,307.8789063729346,297.17447981238365,288.4414060972631,True,9,9,True,9,9,,
mlp,3,128,attention,True,671.6718748975836,318.0924477055669,307.87109350785613,298.3020837418735,288.52994833141565,True,9,9,True,9,9,,
mlp,4,128,gdn,True,674.8697815055493,318.174478597939,307.94401094317436,298.8437497988343,288.59374998137355,True,9,9,True,9,9,,
mlp,5,128,gdn,True,669.6015625493601,318.77604126930237,307.4427084065974,298.0195311829448,289.1263021156192,True,9,9,True,9,9,,
mlp,6,128,gdn,True,675.5612189408566,316.83593755587935,308.6028643883765,298.3268233947456,288.4453125298023,True,9,9,True,9,9,,
mlp,7,128,attention,True,678.5051873521297,318.22265638038516,308.552083093673,297.81640600413084,289.1914062201977,True,9,9,True,9,9,,
mlp,8,128,gdn,True,670.3307499265065,318.38020868599415,308.31380235031247,297.92578145861626,288.2187501527369,True,9,9,True,9,9,,
mlp,9,128,gdn,True,670.8685000376136,318.19531274959445,308.81119752302766,297.9739583097398,288.8749996200204,True,9,9,True,9,9,,
mlp,10,128,gdn,True,670.4062502649322,319.21093724668026,307.9596357420087,297.5442702881992,288.93489530310035,True,9,9,True,9,9,,
mlp,11,128,attention,True,676.36196854437,319.32812510058284,309.07552083954215,298.2317702844739,287.9674476571381,True,9,9,True,9,9,,
mlp,12,128,gdn,True,669.8073125335213,318.2278648018837,309.0286459773779,297.5117187015712,288.718749769032,True,9,9,True,9,9,,
mlp,13,128,gdn,True,675.3099060006207,318.19140585139394,308.88932291418314,298.55598974972963,288.1796876899898,True,9,9,True,9,9,,
mlp,14,128,gdn,True,679.2018439227832,317.7382815629244,309.069009963423,298.5455724410713,289.0208335593343,True,9,9,True,9,9,,
mlp,15,128,attention,True,680.813812323322,317.41666654124856,308.8007811456919,297.76562517508864,289.1315105371177,True,9,9,True,9,9,,
mlp,16,128,gdn,True,676.1067497791373,318.89192713424563,309.6640626899898,298.33463532850146,289.3906249664724,True,9,9,True,9,9,,
mlp,17,128,gdn,True,675.3893126187904,319.3710935302079,308.8320316746831,299.04817696660757,289.18880224227905,True,9,9,True,9,9,,
mlp,18,128,gdn,True,675.8346248716407,318.95833322778344,308.5572915151715,297.88020811975,289.6276037208736,True,9,9,True,9,9,,
mlp,19,128,attention,True,677.5000001653098,319.9322917498648,309.12760458886623,298.7760417163372,289.29557278752327,True,9,9,True,9,9,,
mlp,20,128,gdn,True,671.9062498632411,319.17057279497385,308.58593760058284,297.20963537693024,289.5286460407078,True,9,9,True,9,9,,
mlp,21,128,gdn,True,681.0950626459089,318.6223958618939,308.75781225040555,298.2591143809259,289.434895850718,True,9,9,True,9,9,,
mlp,22,128,gdn,True,675.9179686923744,318.3815102092922,309.61718736216426,298.7877600826323,289.391927421093,True,9,9,True,9,9,,
mlp,23,128,attention,True,672.5807502334646,319.61718713864684,309.013020247221,299.2265624925494,288.95052103325725,True,9,9,True,9,9,,
mlp,24,128,gdn,True,679.8580939175736,317.6184897311032,309.28776040673256,298.484374769032,289.21223897486925,True,9,9,True,9,9,,
mlp,25,128,gdn,True,677.4218750251748,318.4101558290422,308.924478944391,298.1666666455567,289.4322918727994,True,9,9,True,9,9,,
mlp,26,128,gdn,True,672.406250032509,319.69791650772095,309.2434895224869,298.0781253427267,289.08072924241424,True,9,9,True,9,9,,
mlp,27,128,attention,True,668.9960937364958,318.7291664071381,309.7148439846933,299.33463502675295,289.4609374925494,True,9,9,True,9,9,,
mlp,28,128,gdn,True,678.0169378544088,318.45442671328783,309.7565108910203,298.2499999925494,289.39713537693024,True,9,9,True,9,9,,
mlp,29,128,gdn,True,670.8320315738092,318.45963560044765,309.4244790263474,298.2330732047558,288.6263020336628,True,9,9,True,9,9,,
mlp,30,128,gdn,True,677.0533750568575,318.2773436419666,308.8606772944331,298.5755205154419,288.94661413505673,True,9,9,True,9,9,,
mlp,31,128,attention,True,677.5247188670619,318.4921876527369,308.3190103061497,298.3776042237878,289.31640600785613,True,9,9,True,9,9,,
mlp,32,128,gdn,True,679.3254997319309,319.44531248882413,309.11328131332994,298.0104172602296,289.66015623882413,True,9,9,True,9,9,,
mlp,33,128,gdn,True,674.3984376953449,318.67057271301746,310.57812506332994,298.38541708886623,289.83203088864684,True,9,9,True,9,9,,
mlp,34,128,gdn,True,678.7825313949725,319.26171854138374,308.9869790710509,298.0143232271075,288.0976563319564,True,9,9,True,9,9,,
mlp,35,128,attention,True,678.8606874579273,319.22526052221656,308.76822862774134,298.47916634753346,288.7057289481163,True,9,9,True,9,9,,
mlp,36,128,gdn,True,673.3254999744531,317.93359387665987,308.79947962239385,298.04166685789824,289.0104167163372,True,9,9,True,9,9,,
mlp,37,128,gdn,True,675.7148435099225,318.7799477018416,309.02343755587935,297.907552216202,288.8242187909782,True,9,9,True,9,9,,
mlp,38,128,gdn,True,671.9479065395717,319.82031278312206,309.4479162245989,298.14973985776305,288.50390622392297,True,9,9,True,9,9,,
mlp,39,128,attention,True,667.2617187177821,318.9791664481163,310.7395828701556,298.5937502235174,288.704426959157,True,9,9,True,9,9,,
mlp,40,128,gdn,True,679.6340940127266,317.4895835109055,309.3046871945262,297.4023437127471,288.31901028752327,True,9,9,True,9,9,,
mlp,41,128,gdn,True,673.2447809554287,318.1992187164724,308.46874974668026,298.0651040561497,288.85937482118607,True,9,9,True,9,9,,
mlp,42,128,gdn,True,675.2174376742914,316.93880213424563,308.29557310789824,296.4895833283663,288.7044264934957,True,9,9,True,9,9,,
mlp,43,128,attention,True,679.1653440814116,318.39062506332994,308.1627609208226,298.34635416045785,288.9322913251817,True,9,9,True,9,9,,
mlp,44,128,gdn,True,675.9531247553241,318.3098961599171,309.3190109357238,297.2343750298023,288.9440106227994,True,9,9,True,9,9,,
mlp,45,128,gdn,True,675.6549687452207,316.9908858835697,308.8476564735174,297.50390630215406,288.1679688580334,True,9,9,True,9,9,,
mlp,46,128,gdn,True,678.0494691156491,317.36067682504654,308.53255232796073,297.92317748069763,287.84114588052034,True,9,9,True,9,9,,
mlp,47,128,attention,True,671.2591252835409,319.2825522273779,308.37760400027037,298.41276025399566,288.5585934855044,True,9,9,True,9,9,,
mlp,48,128,gdn,True,672.5742186972639,318.6770831234753,308.36328119039536,297.97526029869914,288.0742191337049,True,9,9,True,9,9,,
mlp,49,128,gdn,True,677.5715937692439,319.1132810898125,308.25651017948985,297.6549477316439,288.8124999590218,True,9,9,True,9,9,,
mlp,50,128,gdn,True,671.7239375575446,318.860677536577,308.7760414928198,297.48697904869914,287.8333334811032,True,9,9,True,9,9,,
mlp,51,128,attention,True,679.8033750783361,318.50911444053054,308.7083329446614,298.17578149959445,288.5755212046206,True,9,9,True,9,9,,
mlp,52,128,gdn,True,672.9713750246447,318.74739564955235,308.8867189362645,297.5846352055669,288.64843770861626,True,9,9,True,9,9,,
mlp,53,128,gdn,True,678.8932496419875,317.5794272683561,308.35156235843897,298.16276021301746,289.1822918318212,True,9,9,True,9,9,,
mlp,54,128,gdn,True,675.9544376109261,318.31250013783574,308.5963544435799,297.69921861588955,288.84765645489097,True,9,9,True,9,9,,
mlp,55,128,attention,True,672.8502498845046,319.0846350044012,309.0403648093343,298.45182271674275,288.5859375819564,True,9,9,True,9,9,,
mlp,56,128,gdn,True,682.0429684921692,318.89062467962503,308.3164058625698,298.0781248770654,287.7682293765247,True,9,9,True,9,9,,
mlp,57,128,gdn,True,678.2213436054008,319.0143224783242,309.0559891425073,297.60416643694043,289.46354193612933,True,9,9,True,9,9,,
mlp,58,128,gdn,True,680.5039065511664,318.2135419920087,308.3932287991047,298.6028646118939,288.35677076131105,True,9,9,True,9,9,,
mlp,59,128,attention,True,672.9400938638719,318.59244825318456,308.2643230445683,299.144531134516,288.5468751192093,True,9,9,True,9,9,,
mlp,60,128,gdn,True,673.0481563863577,318.6796875670552,309.4492186792195,297.1666664816439,288.80598954856396,True,9,9,True,9,9,,
mlp,61,128,gdn,True,675.9414059160918,317.98697961494327,309.770833235234,298.1315106153488,288.8776040636003,True,9,9,True,9,9,,
mlp,62,128,gdn,True,679.1757809878618,319.391927216202,308.25651017948985,297.50130232423544,288.9427081681788,True,9,9,True,9,9,,
mlp,63,128,attention,True,677.0481563762587,316.838541533798,309.2825524508953,297.2161453217268,288.54296868667006,True,9,9,True,9,9,,
layer,0,128,gdn,True,1047.0390625414439,644.5651045069098,582.9505207948387,572.8346356190741,564.3255207687616,True,9,9,True,9,9,598.1210935860872,599.6497394517064
layer,1,128,gdn,True,1083.3580936377984,644.9570311233401,585.5013020336628,573.4492186456919,564.2565102316439,True,9,9,True,9,9,594.5468749850988,600.7278640754521
layer,2,128,gdn,True,1019.554687445634,646.2955730967224,582.1119789034128,573.010416701436,565.2226563543081,True,9,9,True,9,9,594.8463538661599,600.0742190517485
layer,3,128,attention,True,998.2916562876198,627.0859371870756,540.5442710034549,533.0247399397194,523.6419276334345,True,9,9,True,9,9,563.7994790449739,561.6158857010305
layer,4,128,gdn,True,1066.4335936780844,647.2591147758067,581.8320312537253,573.1132812798023,565.7122395932674,True,9,9,True,9,9,594.2434896714985,601.2539062649012
layer,5,128,gdn,True,1028.9518436366052,647.0039063133299,583.4518233314157,576.0742188431323,565.6966147944331,True,9,9,True,9,9,596.4817707426846,600.3125002607703
layer,6,128,gdn,True,1047.3085940247984,644.2317706532776,583.7903646752238,573.2096354477108,565.6927088275552,True,9,9,True,9,9,595.7044274546206,601.6054688952863
layer,7,128,attention,True,998.622406314098,629.179687704891,540.7031248323619,534.6341142430902,522.7955728769302,True,9,9,True,9,9,560.4661456309259,558.2174477167428
layer,8,128,gdn,True,1030.1132815584424,648.1888019479811,583.0260417424142,573.7382811494172,564.2773439176381,True,9,9,True,9,9,595.7135413773358,599.7708332724869
layer,9,128,gdn,True,1031.8281251784356,647.5286460481584,583.5338542237878,574.1874999366701,565.0625000707805,True,9,9,True,9,9,594.9218752793968,601.7838544212282
layer,10,128,gdn,True,1070.341156264476,650.2747391350567,584.9895835854113,574.7265624813735,565.2304687537253,True,9,9,True,9,9,597.4726560525596,600.6106776185334
layer,11,128,attention,True,999.0169373850222,631.0546877793968,540.8164062537253,534.2031251639128,523.8815108314157,True,9,9,True,9,9,562.7812501043081,558.8906249031425
layer,12,128,gdn,True,1095.6328123938874,647.0143226906657,584.6328125335276,574.2005207575858,566.6875001043081,True,9,9,True,9,9,596.8671874143183,599.8789062723517
layer,13,128,gdn,True,1090.0325310103653,650.0273440033197,588.1210938096046,585.1432289928198,565.2526044286788,True,9,9,True,9,9,597.8658855892718,600.4375000484288
layer,14,128,gdn,True,1052.41015626234,651.354166213423,584.4934894703329,574.1927088238299,566.4309896528721,True,9,9,True,9,9,597.3242186009884,602.613280992955
layer,15,128,attention,True,999.791687263496,631.1263022944331,543.8476563431323,533.5729168727994,526.8359375186265,True,9,9,True,9,9,567.0716143213212,561.1380212940276
layer,16,128,gdn,True,1072.1236876634066,652.4114580824971,585.2643232792616,578.6484372802079,567.2135413624346,True,9,9,True,9,9,597.1184889785945,603.0234373174608
layer,17,128,gdn,True,1024.148437409167,647.0820312388241,585.2851560339332,577.250000089407,565.744792111218,True,9,9,True,9,9,598.2330734841526,601.8020831979811
layer,18,128,gdn,True,989.0000001178123,649.9466150999069,583.2135411910713,575.5846351385117,568.4882812201977,True,9,9,True,9,9,599.8033853247762,602.3437501862645
layer,19,128,attention,True,1000.5455624195747,629.1744792833924,543.8242186792195,534.0963541530073,525.8697913959622,True,9,9,True,9,9,567.470052279532,562.5468748621643
layer,20,128,gdn,True,1054.2239688220434,648.8541662693024,584.9440107122064,575.8854164741933,568.0481772869825,True,9,9,True,9,9,597.7395833469927,602.4596351198852
layer,21,128,gdn,True,1018.1015627495071,650.5911462008953,585.5950517579913,575.6484372541308,567.0976559631526,True,9,9,True,9,9,595.2747398987412,603.1822916120291
layer,22,128,gdn,True,1060.6666874082293,650.4674479365349,584.0416667051613,575.954427011311,566.6562500409782,True,9,9,True,9,9,597.3554686643183,602.6770835742354
layer,23,128,attention,True,998.2070309888513,626.6705724410713,541.9127605855465,533.8229164481163,524.4114585220814,True,9,9,True,9,9,562.3437501490116,562.3242184519768
layer,24,128,gdn,True,1037.1171874794527,647.9531251825392,583.3632815629244,576.9843747839332,564.8763026110828,True,9,9,True,9,9,600.2656253986061,601.8828125670552
layer,25,128,gdn,True,1037.9986874795577,645.7903641276062,584.5664064399898,578.1471352092922,565.3893225826323,True,9,9,True,9,9,596.2213538587093,602.069010026753
layer,26,128,gdn,True,1043.7825626468111,646.8177083879709,583.9088540524244,574.2096351459622,565.2604163624346,True,9,9,True,9,9,596.3710937649012,602.5442709214985
layer,27,128,attention,True,998.8528436224442,628.144531045109,541.6276040486991,533.9166671037674,524.8932293616235,True,9,9,True,9,9,562.0755208656192,559.6822914667428
layer,28,128,gdn,True,1032.624999879772,650.8606770075858,584.0078121982515,572.3424479365349,565.1744795031846,True,9,9,True,9,9,597.0468749292195,600.8619791828096
layer,29,128,gdn,True,1026.049468691781,649.4804685935378,582.4609375558794,573.9114587195218,564.8971353657544,True,9,9,True,9,9,597.5898434408009,599.998698104173
layer,30,128,gdn,True,1028.0364690515853,648.576823528856,583.5546874441206,574.2486976087093,565.0247395969927,True,9,9,True,9,9,595.8593748509884,598.6666665412486
layer,31,128,attention,True,999.3528437917121,624.9427087605,542.7864580415189,531.5794264897704,523.5807290300727,True,9,9,True,9,9,563.6106771416962,559.4700518995523
layer,32,128,gdn,True,990.2565311676881,645.7656249403954,581.3138019293547,573.7356767058372,564.4804686307907,True,9,9,True,9,9,596.8229165300727,600.9778641164303
layer,33,128,gdn,True,1043.7174378239433,648.540364112705,583.0104164779186,574.9101559631526,566.061198245734,True,9,9,True,9,9,595.9609374403954,600.4244792275131
layer,34,128,gdn,True,1036.7656250309665,647.8880206122994,581.9075517356396,573.8867190666497,566.2916665896773,True,9,9,True,9,9,597.4375000223517,602.0546876825392
layer,35,128,attention,True,998.4518123928865,626.808593980968,539.9843752384186,532.528645824641,523.2630209065974,True,9,9,True,9,9,561.6588545963168,560.3841147385538
layer,36,128,gdn,True,1040.9973747300683,645.6015626899898,585.4205726645887,573.645833414048,565.1536462828517,True,9,9,True,9,9,597.2851561382413,602.2096355445683
layer,37,128,gdn,True,1027.8007812303258,645.261718891561,581.932291854173,574.5807294733822,566.9986978173256,True,9,9,True,9,9,594.108073040843,602.2565104067326
layer,38,128,gdn,True,1053.6093750488362,644.4739587605,583.8229162618518,573.5507812350988,565.8645830117166,True,9,9,True,9,9,596.3619789108634,599.9192711897194
layer,39,128,attention,True,1000.8684685089975,630.1015624776483,540.9583337605,532.4270837008953,524.01432255283,True,9,9,True,9,9,562.5156252644956,560.4557292535901
layer,40,128,gdn,True,1028.6653437105997,647.7812500670552,583.2630209624767,573.8020832650363,564.0598954632878,True,9,9,True,9,9,594.037760514766,598.1354163959622
layer,41,128,gdn,True,1029.864562497096,645.9166668355465,584.4999998807907,575.8372396230698,563.9244792982936,True,9,9,True,9,9,594.940104521811,600.5664062686265
layer,42,128,gdn,True,1054.0025937189057,648.4388024546206,584.876302164048,574.9414060264826,563.6145826429129,True,9,9,True,9,9,594.871093519032,601.3450515456498
layer,43,128,attention,True,998.3945310523268,625.0286460854113,540.8854163251817,532.2226560674608,525.8828122168779,True,9,9,True,9,9,563.2682288996875,558.7291666306555
layer,44,128,gdn,True,1022.930968701985,646.2591150775552,584.5950520597398,572.2174476832151,564.6080733276904,True,9,9,True,9,9,595.3750000335276,598.889322951436
layer,45,128,gdn,True,1034.7252809879137,646.6835937462747,582.9518232494593,572.8255212306976,566.5208329446614,True,9,9,True,9,9,596.4010413736105,601.4114585705101
layer,46,128,gdn,True,1360.907562684588,757.3268227279186,631.6028647124767,707.6250002719462,636.7135415785015,True,9,9,True,9,9,677.9414061456919,698.1848957948387
layer,47,128,attention,True,999.7044376177655,630.8111981488764,540.7981765456498,531.4062498509884,526.7070312984288,True,9,9,True,9,9,561.7747399955988,562.8958330489695
layer,48,128,gdn,True,1024.4531254102185,647.2838544286788,583.7968750856817,573.4440106898546,566.4661461487412,True,9,9,True,9,9,595.6484372727573,599.7317708097398
layer,49,128,gdn,True,1021.2591250819969,650.891927536577,584.9453127011657,575.6315109319985,566.5117185562849,True,9,9,True,9,9,599.1601562127471,598.967447411269
layer,50,128,gdn,True,1031.9088437427126,648.2161460444331,582.2083335369825,572.6145831868052,565.615885425359,True,9,9,True,9,9,596.8268229626119,599.8841146938503
layer,51,128,attention,True,998.4309690480586,629.94270818308,540.5000001192093,531.2369791790843,522.1875002607703,True,9,9,True,9,9,564.1406252980232,560.7656249776483
layer,52,128,gdn,True,1034.5312502977322,645.8632815629244,584.2278646305203,573.5807293094695,565.6315102241933,True,9,9,True,9,9,596.0533856414258,599.6705731377006
layer,53,128,gdn,True,1177.904937776475,720.2942706644535,633.36067693308,694.3124998360872,614.960937295109,True,9,9,True,9,9,672.261718660593,692.3606768250465
layer,54,128,gdn,True,1028.5013122484088,647.9153647087514,582.6874999329448,573.6184897832572,565.3723953291774,True,9,9,True,9,9,596.0182286798954,600.7786453701556
layer,55,128,attention,True,999.9960939239827,629.539062269032,541.4726561866701,532.5468746013939,523.6302083358169,True,9,9,True,9,9,563.2148436270654,560.5963538400829
layer,56,128,gdn,True,1029.044281494862,648.3320309780538,582.6406250707805,575.5234374664724,565.8802082762122,True,9,9,True,9,9,596.8893226236105,600.901042111218
layer,57,128,gdn,True,1033.5208125979989,646.3658860884607,583.5403646342456,572.6458332501352,562.1210937388241,True,9,9,True,9,9,595.513021107763,598.7838539294899
layer,58,128,gdn,True,1288.7330626654148,708.8984372094274,621.1484377272427,673.0651040561497,624.0911460481584,True,9,9,True,9,9,663.4518224745989,690.3072912245989
layer,59,128,attention,True,1000.6692814386042,627.1770838648081,540.8138018101454,533.8046872057021,524.341145530343,True,9,9,True,9,9,563.8723955489695,560.7200521044433
layer,60,128,gdn,True,1029.4609373886487,645.5664061941206,583.6132816039026,574.9036460183561,565.4283850453794,True,9,9,True,9,9,597.0937497913837,598.7239582464099
layer,61,128,gdn,True,1022.9557187813043,649.1562500596046,584.6614586189389,575.2200521528721,565.1380205526948,True,9,9,True,9,9,595.9218749776483,599.9700520187616
layer,62,128,gdn,True,1255.8463436107559,739.1093745827675,637.3880207538605,684.0507811866701,600.3567702136934,True,9,9,True,9,9,666.8111984618008,685.0820309482515
layer,63,128,attention,True,1001.8281245720573,627.7187499217689,540.3671874664724,532.9440105706453,524.0820315666497,True,9,9,True,9,9,562.0937501080334,560.6614579446614
layer,3,4096,attention,True,1468.2486876154144,942.1432297676802,704.2773435823619,709.7747391089797,698.0195310898125,True,9,9,True,9,9,713.3463541977108,746.3216143660247
layer,7,4096,attention,True,1277.4166561939637,848.8971353508532,637.6406252384186,628.2330728136003,618.8645837828517,True,9,9,True,9,9,656.7343752831221,658.1914061680436
layer,11,4096,attention,True,1447.7434688160429,927.4726561270654,705.984374973923,733.904947526753,681.6171873360872,True,9,9,True,9,9,713.9726560562849,727.5794274173677
layer,15,4096,attention,True,1279.402343698166,847.8815099224448,640.3776039369404,628.2630204223096,623.93489619717,True,9,9,True,9,9,656.049479264766,651.6718752682209
layer,19,4096,attention,True,1472.860687499633,937.1497393585742,702.8059894219041,721.6067700646818,679.1835934855044,True,9,9,True,9,9,709.6158852800727,734.7630206495523
layer,23,4096,attention,True,1280.427062738454,851.2057289481163,644.8554689995944,632.7539063058794,622.0234371721745,True,9,9,True,9,9,654.8932297155261,655.5690099485219
layer,27,4096,attention,True,1330.9895625752688,932.7109372243285,692.140624858439,702.6901040226221,680.5221349932253,True,9,9,True,9,9,711.7213536985219,733.6171879433095
layer,31,4096,attention,True,1280.111968753772,848.5572920180857,642.5104169175029,628.7356773391366,619.9010415002704,True,9,9,True,9,9,657.1002607233822,652.041666675359
layer,35,4096,attention,True,1302.3879996580945,921.4505208656192,697.8671876713634,654.0000000968575,681.0091147199273,True,9,9,True,9,9,707.4023438617587,726.2851563282311
layer,39,4096,attention,True,1280.812499771855,849.7760412283242,638.1106772460043,625.3007813356817,619.5195312611759,True,9,9,True,9,9,656.2408856116235,654.380208812654
layer,43,4096,attention,True,1289.7200313091162,920.8346353843808,685.9166664071381,712.5299484468997,672.6406253874302,True,9,9,True,9,9,706.8763021379709,720.000000204891
layer,47,4096,attention,True,1275.407531466044,849.1562502458692,641.2929687649012,625.6015626713634,620.8151038736105,True,9,9,True,9,9,653.0247395858169,653.6627602763474
layer,51,4096,attention,True,1335.931000085111,926.3320309109986,684.7526039928198,689.5429687574506,666.1276039667428,True,9,9,True,9,9,697.2981775179505,707.1276041679084
layer,55,4096,attention,True,1278.4062500941218,851.2864578515291,643.1041667237878,628.7617185153067,620.5299473367631,True,9,9,True,9,9,653.6276042461395,656.0455728322268
layer,59,4096,attention,True,1286.0455626650946,853.4596357494593,694.2083337344229,626.520833466202,678.348958492279,True,9,9,True,9,9,700.5442706868052,721.1106768809259
layer,63,4096,attention,True,1275.9909059241181,850.3606771118939,650.5559892393649,631.0312496498227,622.330728918314,True,9,9,True,9,9,659.2408851720393,656.6184894181788
layer,3,8192,attention,True,1601.431000381126,1134.0611977502704,772.6562498137355,723.4218749217689,767.263020388782,True,9,9,True,9,9,763.5416672565043,793.3919271454215
layer,7,8192,attention,True,1596.7343751981389,1062.6640622504056,723.1835937127471,716.4518227800727,705.5703126825392,True,9,9,True,9,9,742.131510283798,743.2148437947035
layer,11,8192,attention,True,1599.2395938155823,1066.0911463201046,783.5247390903533,764.8307289928198,740.0807295925915,True,9,9,True,9,9,746.2070309557021,753.3177076838911
layer,15,8192,attention,True,1597.0025938258914,1133.751301560551,780.3450520150363,778.636718634516,741.1731765605509,True,9,9,True,9,9,785.0221358239651,746.3046875782311
layer,19,8192,attention,True,1596.4349063324335,1134.0585937723517,772.8658854030073,770.5338546074927,745.5312497913837,True,9,9,True,9,9,790.2005207724869,800.799478776753
layer,23,8192,attention,True,1592.3867185847485,1066.106771118939,779.3841143138707,767.7018227986991,751.6315099783242,True,9,9,True,9,9,788.2486982271075,800.6666670553386
layer,27,8192,attention,True,1594.669250152947,1066.6015623137355,729.0703123435378,716.1223962903023,707.9778644256294,True,9,9,True,9,9,738.5052088648081,755.8320313692093
layer,31,8192,attention,True,1596.4479375725205,1112.0833335444331,762.4192703515291,726.4218749478459,719.1002601757646,True,9,9,True,9,9,780.9296874329448,788.9049486257136
layer,35,8192,attention,True,1597.769531144877,1065.665364265442,733.9375000447035,713.5078124701977,709.7643231973052,True,9,9,True,9,9,741.3971349596977,749.3085935711861
layer,39,8192,attention,True,1598.9114376679936,1067.2226562164724,759.1562503948808,771.5312498621643,707.1406249888241,True,9,9,True,9,9,781.7890625447035,752.2213538177311
layer,43,8192,attention,True,1599.2005314728885,1124.630208592862,752.037760335952,763.1315104663372,746.339843608439,True,9,9,True,9,9,748.2447912916541,761.5234376862645
layer,47,8192,attention,True,1597.770844000479,1064.6757809445262,727.1601562388241,719.0598961897194,756.6510415636003,True,9,9,True,9,9,738.5846353136003,763.3736981078982
layer,51,8192,attention,True,1599.442718543287,1124.6627601794899,772.4778642877936,771.3997391983867,756.059895735234,True,9,9,True,9,9,743.5742188245058,778.9986981078982
layer,55,8192,attention,True,1600.0650939531624,1118.5286459513009,759.3020834028721,762.5755211338401,755.2942708134651,True,9,9,True,9,9,776.1106765829027,750.8111977949739
layer,59,8192,attention,True,1598.2004997567856,1064.2994791269302,778.334635309875,723.8958338275552,743.4622393921018,True,9,9,True,9,9,747.5130213424563,776.901041623205
layer,63,8192,attention,True,1598.595031282457,1113.6445314623415,774.196614511311,771.5950519777834,749.4596354663372,True,9,9,True,9,9,743.8346361741424,774.516926612705
layer,3,16384,attention,True,2221.4387813619396,1565.6523434445262,953.9466141723096,908.7031250819564,932.9231767915189,True,9,9,True,9,9,1007.6250000856817,971.3776046410203
layer,7,16384,attention,True,2202.1666563887266,1569.4153648801148,949.0598957054317,946.6497399844229,933.5559895262122,True,9,9,True,9,9,1013.7630212120712,969.6861985139549
layer,11,16384,attention,True,2218.0846563060186,1564.5013023167849,945.9114582277834,945.916666649282,905.6263021193445,True,9,9,True,9,9,1015.9036461263895,943.5286456719041
layer,15,16384,attention,True,2202.2942498551856,1559.2265627346933,948.0742188170552,947.5781251676381,903.809895273298,True,9,9,True,9,9,1008.1835938617587,934.1861978173256
layer,19,16384,attention,True,2204.4023435228155,1562.6679686829448,958.1835940480232,914.4140626303852,904.826823156327,True,9,9,True,9,9,1008.2070310600102,964.9505205452442
layer,23,16384,attention,True,2203.89190599235,1553.6354165524244,955.9921873733401,943.3046872727573,930.9583334252238,True,9,9,True,9,9,1006.7356773652136,970.0690102763474
layer,27,16384,attention,True,2197.8854060762387,1554.3802082538605,950.7669266313314,918.1575523689389,932.0325516164303,True,9,9,True,9,9,1016.6080733761191,962.3984373174608
layer,31,16384,attention,True,2180.522124945128,1553.7447915412486,951.3385416939855,913.4218748658895,900.4765623249114,True,9,9,True,9,9,1007.1966145187616,963.122395798564
layer,35,16384,attention,True,2190.4635623286595,1554.2500000447035,956.654948182404,914.3216144293547,903.580728918314,True,9,9,True,9,9,1002.2838548757136,959.8789066076279
layer,39,16384,attention,True,2203.842469043593,1550.2174482680857,923.294270876795,937.4635415151715,902.3059890605509,True,9,9,True,9,9,1006.8763024173677,963.7643229216337
layer,43,16384,attention,True,2204.014312610525,1549.7708334587514,954.2096354998648,941.2005208432674,928.4687503241003,True,9,9,True,9,9,1007.2304685600102,959.574218839407
layer,47,16384,attention,True,2199.2474062244582,1554.683594033122,927.4908849038184,909.593750257045,923.5872398130596,True,9,9,True,9,9,1004.1875001043081,959.8385421559215
layer,51,16384,attention,True,2184.246093747788,1551.4505207538605,949.0364580415189,940.5195312574506,918.6341143213212,True,9,9,True,9,9,1006.1783855780959,965.2122389525175
layer,55,16384,attention,True,2202.012999987346,1556.355468928814,955.0624997355044,936.6874997504056,926.055989228189,True,9,9,True,9,9,1004.6770833432674,960.9466148540378
layer,59,16384,attention,True,2204.6770623092016,1550.0872391276062,950.1106766983867,909.0052084065974,929.5455729588866,True,9,9,True,9,9,1006.9999997504056,961.1276043578982
layer,63,16384,attention,True,2204.5507816983445,1552.1106766536832,946.5520838275552,916.7578127235174,902.0820315927267,True,9,9,True,9,9,1005.8476561680436,934.485677164048
layer,3,32768,attention,True,3185.127625329187,2455.2200520411134,1266.9531251303852,1269.8580734431744,1259.8580732010305,True,9,9,True,9,9,1363.8593750074506,1294.7721355594695
layer,7,32768,attention,True,3182.282562192995,2443.5312496498227,1268.3567707426846,1269.2083329893649,1258.009114768356,True,9,9,True,9,9,1367.6236984319985,1292.4622395075858
layer,11,32768,attention,True,3152.167968437425,2443.588541354984,1279.1028646752238,1257.6914061792195,1266.098958440125,True,9,9,True,9,9,1359.77213550359,1282.5156250037253
layer,15,32768,attention,True,3151.4479064753687,2443.6523439362645,1268.2330734096467,1267.6263023167849,1252.4960939772427,True,9,9,False,8,9,1338.6705731973052,1283.2877598702908
layer,19,32768,attention,True,3159.347656492173,2449.936197604984,1270.05078131333,1260.5507811531425,1247.994791250676,True,9,9,True,9,9,1334.5208326354623,1282.1093751117587
layer,23,32768,attention,True,3167.746093822643,2444.859375245869,1270.247396081686,1258.5377604700625,1253.140625078231,True,9,9,True,9,9,1334.1263020411134,1282.971354201436
layer,27,32768,attention,True,3154.8802189718117,2446.165365166962,1273.1979168020189,1271.565104369074,1245.6601560115814,True,9,9,True,9,9,1350.2630209550261,1279.514322988689
layer,31,32768,attention,True,3156.619781293557,2448.014322668314,1269.9869791977108,1255.4296874441206,1257.467448245734,True,9,9,True,9,9,1344.8138018138707,1284.032552037388
layer,35,32768,attention,True,3161.653656661656,2443.138021044433,1271.8489579856396,1252.3645833134651,1245.9986978210509,True,9,9,True,9,9,1335.593749769032,1282.8242187388241
layer,39,32768,attention,True,3125.722656477592,2447.985677048564,1267.8072918206453,1254.7942707315087,1258.3645833656192,True,9,9,True,9,9,1333.5755211301148,1281.3710938207805
layer,43,32768,attention,True,3156.546875288768,2441.3476563058794,1271.0026036947966,1256.2109376303852,1248.1158850714564,True,9,9,True,9,9,1335.9739584848285,1284.361979458481
layer,47,32768,attention,True,3158.3216250510304,2438.2578125223517,1267.7265624515712,1254.3971352279186,1255.1445313729346,True,9,9,True,9,9,1330.7812502607703,1281.7851561121643
layer,51,32768,attention,True,3151.2669374933466,2443.7513020820916,1265.9075520932674,1254.667968954891,1248.2317709363997,True,9,9,True,9,9,1333.7460937909782,1281.8007809109986
layer,55,32768,attention,True,3157.007812660595,2445.6484373658895,1268.329427111894,1253.3997390419245,1251.2044268660247,True,9,9,True,9,9,1337.7773435786366,1281.8203126080334
layer,59,32768,attention,True,3017.82684346108,2441.7096357792616,1271.0572914220393,1251.0546874254942,1245.1822916045785,True,9,9,True,9,9,1332.1627601981163,1286.2708331085742
layer,63,32768,attention,True,3151.5599062004185,2440.2851560153067,1264.546874910593,1253.6874995566905,1252.0963540300727,True,9,9,True,9,9,1341.4374999701977,1279.243489727378
