ctx,layer,production,matched_control,megakernel,previous_geometry,packed_control,mlx_best,ratio_native,ratio_mlx,pairs_mlx_won,pairs_native_won,pairs,oracle_pass
128,3,628.1250002793968,562.5651041045785,561.8098960258067,645.3789062798023,551.4049478806555,997.9882811421703,0.8944237146681115,0.5629423778231449,9,9,9,True
128,7,627.0494791679084,558.537760283798,558.4726561792195,647.2070310264826,551.7981774173677,996.0520937966066,0.8906357069625669,0.5606861926774478,9,9,9,True
128,11,626.0013016872108,560.8020834624767,561.0898439772427,649.3567707948387,552.6992185041308,999.546874936641,0.8963077911579138,0.5613442031048408,9,9,9,True
128,15,626.0533854365349,562.1002605184913,561.4882814697921,649.8085935600102,554.1028641164303,999.354187570134,0.896869651265087,0.5618511319145169,9,9,9,True
128,19,628.0455733649433,562.6458334736526,561.7994791828096,649.9700522981584,552.7513022534549,997.7955623980961,0.8945202434479391,0.5630406672009886,9,9,9,True
128,23,628.9609377272427,561.4427081309259,560.3997400030494,651.0273437015712,553.6627601832151,997.0846249416354,0.8909929160752972,0.5620382924226242,9,9,9,True
128,27,627.6210937649012,560.1848955266178,561.6523437201977,650.4075522534549,553.497395478189,996.1419373212266,0.8948908016316377,0.5638276260414897,9,9,9,True
128,31,627.5924481451511,561.6328124888241,559.9414063617587,648.5520829446614,552.4700521491468,997.1966246666852,0.8922054559717297,0.5615155451904184,9,9,9,True
128,35,626.177083235234,561.7539063096046,559.8645834252238,648.5742186196148,552.5130210444331,996.7161563508853,0.8940994463301066,0.5617091484449945,9,9,9,True
128,39,627.0950520411134,564.7200518287718,563.5533849708736,649.9882810749114,555.5130210705101,1001.7591253017599,0.8986729892646739,0.5625637648183284,9,9,9,True
128,43,634.7695309668779,564.2994791269302,565.1757814921439,657.8984372317791,557.4231771752238,1001.6640626417939,0.8903637523862729,0.5642368560189196,9,9,9,True
128,47,631.1848959885538,563.7864577583969,562.0950516313314,649.7473963536322,554.7656249254942,1003.8203122348932,0.8905394523913398,0.5599558454639058,9,9,9,True
128,51,636.184895876795,564.5703123882413,565.9023434855044,654.7447913326323,558.9583339169621,1006.1718749057036,0.8895249591010382,0.5624310891601294,9,9,9,True
128,55,635.5260415002704,569.610676728189,567.1158852055669,659.6888024359941,558.5572919808328,1007.3698126689123,0.8923566434300484,0.5629669244336968,9,9,9,True
128,59,630.6380210444331,567.0833336189389,566.0885418765247,654.7252601012588,553.9895836263895,1003.5885311481252,0.8976441682646971,0.5640643792819237,9,9,9,True
128,63,629.864583723247,563.4270831942558,562.8463537432253,653.8033848628402,558.3020835183561,1003.0768439719395,0.8935989866522349,0.5611198754369517,9,9,9,True
4096,3,846.3515625335276,654.2031252756715,656.6132809966803,862.0664062909782,638.6041669175029,1276.3893437295337,0.7758162329506765,0.5144302435792008,9,9,9,True
4096,7,846.1953122168779,652.2005209699273,660.4622392915189,860.2070310153067,644.4635414518416,1265.6770936700923,0.7805080337318673,0.5218252290371884,9,9,9,True
4096,11,848.9283858798444,654.5065101236105,663.5638019070029,862.0468750596046,642.7812501788139,1267.1015629166504,0.7816487385084593,0.523686357374221,9,9,9,True
4096,15,852.4179686792195,654.4101564213634,662.984374910593,863.1874998100102,646.1979169398546,1272.9401246360794,0.7777691218051812,0.5208291906896513,9,9,9,True
4096,19,847.3893227055669,654.152343980968,654.3723959475756,861.2356772646308,643.5872395522892,1279.6926876035286,0.7722216676725147,0.5113512035245072,9,9,9,True
4096,23,853.5651043057442,654.8124998807907,665.4309895820916,864.6328123286366,645.6041666679084,1279.4388121619704,0.7795901990666858,0.5200959852528309,9,9,9,True
4096,27,854.1341149248183,650.7278648205101,665.299478918314,864.143228624016,642.54947938025,1268.589843675727,0.7789168788520692,0.5244401744464665,9,9,9,True
4096,31,894.9726559221745,673.1940102763474,682.7213545329869,862.9713542759418,648.0273436754942,1280.6328127226152,0.762840462236821,0.5331124954400682,9,9,9,True
4096,35,855.9205727651715,654.9739576876163,666.233072988689,865.7239582389593,646.5989584103227,1280.3632812392607,0.7783818898479441,0.5203469068121381,9,9,9,True
4096,39,853.9270833134651,654.9492185004056,665.9791665151715,861.87630193308,643.4453125111759,1272.5195315397286,0.7799016795801751,0.5233547698158685,9,9,9,True
4096,43,853.9817710407078,652.5247395038605,656.9570312276483,861.430989112705,641.2656251341105,1268.0989375439822,0.7692869490961678,0.5180644914820478,9,9,9,True
4096,47,848.5403642989695,655.6653650477529,665.8424478955567,867.303385399282,646.7460938729346,1274.3346560455393,0.7846915431602943,0.5225020325208533,9,9,9,True
4096,51,849.7148440219462,651.5234373509884,662.7695308998227,863.9453127980232,645.6914064474404,1268.4088437708851,0.7799905292494865,0.522520427190856,9,9,9,True
4096,55,853.1601559370756,658.7825519964099,668.066406622529,866.0026043653488,646.6822917573154,1279.7747499462275,0.7830492340429948,0.5220187432597801,9,9,9,True
4096,59,853.5286453552544,653.6393230780959,660.9921874478459,863.8385413214564,642.4557291902602,1273.1757810797717,0.7744229687484346,0.519168049903732,9,9,9,True
4096,63,849.8320314101875,656.8867187015712,660.3255206719041,862.9804686643183,646.3072914630175,1277.738281260099,0.7770070981864244,0.5167924686585225,9,9,9,True
8192,3,1064.7395835258067,739.675781223923,742.7890626713634,1071.250000037253,739.5377601496875,1595.6562497194682,0.6976251039823955,0.4655069428656409,9,9,9,True
8192,7,1065.229166764766,739.2421872355044,740.8541664481163,1072.227864060551,737.7838543616235,1598.2408749550814,0.695488059811752,0.46354349839096565,9,9,9,True
8192,11,1061.8059891276062,740.6731774099171,742.085937410593,1073.6028645187616,727.8893226757646,1597.7721564013336,0.6988903293155284,0.4644504126808638,9,9,9,True
8192,15,1066.7955726385117,733.011718839407,747.0260416157544,1072.9843745939434,734.7304685972631,1597.311219029507,0.7002522889817874,0.4676772019854915,9,9,9,True
8192,19,1064.0677087940276,733.5273437201977,741.6914063505828,1072.8164063766599,725.4570312798023,1593.9804688969161,0.6970340329105436,0.46530771287546346,9,9,9,True
8192,23,1063.4765625,737.0989583432674,743.4257813729346,1073.4648439101875,724.6132814325392,1597.4726566128084,0.699052341713393,0.46537621679813473,9,9,9,True
8192,27,1066.1197914741933,734.3177078291774,741.527343634516,1071.059896145016,735.0742188282311,1598.0390626282315,0.6955384841033274,0.4640232901534681,9,9,9,True
8192,31,1064.610677305609,733.3580730482936,743.5299474745989,1074.01041733101,729.877604637295,1595.5377498357848,0.6984054953838866,0.4660058638857803,9,9,9,True
8192,35,1063.9596357941628,736.1419266089797,744.699218776077,1072.7877607569098,731.4609372988343,1595.515625012922,0.6999318336171816,0.4667451744761482,9,9,9,True
8192,39,1063.6744792573154,734.5299478620291,740.2500002644956,1070.3906249254942,737.2721349820495,1594.117187323718,0.6959365996835395,0.4643636027206152,9,9,9,True
8192,43,1064.263021107763,734.2617185786366,743.1666664779186,1071.16927113384,731.7630210891366,1598.0012813088251,0.698292294046237,0.4650601192692638,9,9,9,True
8192,47,1063.8580727390945,732.2252606973052,742.7239576354623,1072.2369798459113,735.0963540375233,1591.9531251711305,0.6981419577173349,0.46654888632830915,9,9,9,True
8192,51,1060.4726560413837,731.8971347995102,741.1809894256294,1072.3723960109055,734.7239586524665,1596.1783747115987,0.6989157006578259,0.4643472190628743,9,9,9,True
8192,55,1064.7239587269723,738.1171877495944,742.346353828907,1076.3815101236105,731.3424479216337,1597.6471249814495,0.6972195447883851,0.4646497604015821,9,9,9,True
8192,59,1183.6419263854623,811.3098959438503,846.0572916083038,1203.7200522609055,807.1575523354113,1845.618500283308,0.7147915875132481,0.4584139633832406,9,9,9,True
8192,63,1064.9401042610407,738.955729175359,741.1497393622994,1072.4544264376163,733.2604168914258,1598.3359376150474,0.6959543887931439,0.46370085406964195,9,9,9,True
16384,3,1510.7447924092412,975.0807289965451,933.123697526753,1489.0703125856817,919.9361982755363,2179.7617187075957,0.6176580599286169,0.4280851845035668,9,9,9,True
16384,7,1512.5872395001352,977.2122395224869,932.1276037953794,1488.8723958283663,926.5690105967224,2118.4557185733865,0.6162471687275504,0.44000334565552973,9,9,9,True
16384,11,1518.2981765829027,973.3932288363576,933.0247393809259,1491.4244785904884,921.1341147311032,2185.473968893348,0.6145200947819096,0.4269210032519303,9,9,9,True
16384,15,1512.8893228247762,973.4557294286788,937.3619789257646,1493.6236976645887,923.1588537804782,2181.2565000800532,0.6195839740448287,0.42973487019585405,9,9,9,True
16384,19,1629.3580727651715,1059.8749998025596,1022.3046871833503,1624.1210936568677,1017.3476561903954,2450.8398437319556,0.6274278835765085,0.4171242318415475,9,9,9,True
16384,23,1515.6484376639128,977.7682293206453,932.4674480594695,1489.3346349708736,929.3658859096467,2164.6289064847224,0.6152267405076423,0.4307747370766485,9,9,9,True
16384,27,1519.0716148354113,972.1263023093343,934.7734372131526,1490.2838538400829,925.0729163177311,2168.8645938411355,0.6153583728930605,0.4309966790308638,9,9,9,True
16384,31,1512.5260413624346,974.1041664965451,934.1015624813735,1491.3749997504056,930.2018233574927,2180.113281156082,0.6175771768134088,0.42846469059902853,9,9,9,True
16384,35,1518.455729354173,975.312499795109,938.7447917833924,1488.6158853769302,918.6901045031846,2178.783875024237,0.6182233526048585,0.43085723303921075,9,9,9,True
16384,39,1625.5559897981584,1055.5182294920087,1010.1106772199273,1602.083332836628,1016.4427077397704,2299.2252497715526,0.6213939621638935,0.4393265415471104,9,9,9,True
16384,43,1511.6731766611338,971.5052079409361,934.3190104700625,1489.489583298564,922.3867189139128,2181.90624991621,0.6180694510527162,0.42821226187236155,9,9,9,True
16384,47,1513.0273438990116,973.0794271454215,934.1106773354113,1487.8424480557442,925.7343751378357,2113.856781306822,0.617378582814138,0.4418987537830866,9,9,9,True
16384,51,1613.8554685749114,1048.91666630283,1002.2851559333503,1589.227864984423,1006.4856768585742,2215.0052186589164,0.6210501345689907,0.452497875621344,9,9,9,True
16384,55,1512.0859374292195,980.6289062835276,934.1223957017064,1489.2734372988343,930.319010745734,2180.285156100581,0.6177707050763658,0.428440469398221,9,9,9,True
16384,59,1609.1679683886468,1046.9218748621643,998.8776044920087,1589.647135231644,994.6640622802079,2401.493468823901,0.6207416653292215,0.4159401711723978,9,9,9,True
16384,63,1512.5195309519768,972.670572809875,931.9153651595116,1489.789062179625,923.4830727800727,2102.6497497587116,0.6161344340280789,0.4432099855272867,9,9,9,True
32768,3,2544.2460938356817,1426.811197772622,1349.5494797825813,2428.675781469792,1367.8776039741933,3434.1861874054302,0.5304319747418824,0.3929750474018948,9,9,9,True
32768,7,2550.388020928949,1400.805989280343,1354.1184896603227,2432.736979331821,1376.5338542871177,3353.4870003677497,0.5309460672447406,0.40379416694080744,9,9,9,True
32768,11,2529.4674476608634,1407.3125002905726,1343.5846357606351,2413.213541265577,1349.0625000558794,3353.3958435327804,0.5311729300976461,0.40066389369206634,9,9,9,True
32768,15,2521.033854223788,1385.7044270262122,1331.6783849149942,2403.951823245734,1360.1158852688968,3372.5534062796214,0.5282270932950286,0.3948576121687022,9,9,9,True
32768,19,2485.4934895411134,1382.0377606898546,1327.9036451131105,2380.6614582426846,1346.752604469657,3345.5807188147446,0.5342615664458151,0.3969127504965875,9,9,9,True
32768,23,2489.1679687425494,1379.2382809333503,1327.463542111218,2366.5755204856396,1329.3085936456919,3353.7018439346866,0.5332960888058557,0.3958203811444934,9,9,9,True
32768,27,2495.046874973923,1382.3997396975756,1320.37239568308,2373.752604238689,1347.3828127607703,3319.64584393063,0.5291974306883032,0.39774495767286183,9,9,9,True
32768,31,2494.3606765009463,1372.7265624329448,1305.3411454893649,2371.9869791530073,1332.5494793243706,3308.7005313063855,0.5233169195565089,0.3945177670624584,9,9,9,True
32768,35,2450.1822921447456,1377.1419269032776,1329.7083331272006,2384.5364581793547,1341.2148440256715,3190.063781403296,0.5426977157537336,0.4168281339322524,9,9,9,True
32768,39,2475.9674477390945,1367.204427253455,1305.5013017728925,2363.0377603694797,1315.1614582166076,3240.4387811766355,0.5272691702651415,0.4028779402827823,9,9,9,True
32768,43,2460.1549482904375,1355.4596356116235,1300.940103828907,2348.97005232051,1314.1888016834855,3114.5468751674343,0.5288041327368143,0.4176980331236691,9,9,9,True
32768,47,2445.5429688096046,1372.0638025552034,1300.9934895671904,2334.1614580713212,1310.0429684855044,3233.634125081153,0.5319855370198069,0.4023316922209126,9,9,9,True
32768,51,2489.9934898130596,1367.8151043131948,1312.7669268287718,2339.845051523298,1334.675781428814,3208.145843927923,0.5272170116907936,0.4091980198822487,9,9,9,True
32768,55,2466.1315106786788,1346.1236981675029,1303.5091147758067,2335.5221352539957,1314.9361978285015,3211.4427185661043,0.5285643158653293,0.4058951782760796,9,9,9,True
32768,59,2478.335937485099,1371.368489228189,1317.6419269293547,2358.592447824776,1322.9401037096977,3258.2070311946154,0.5316639713768736,0.4044070601757445,9,9,9,True
32768,63,2473.6835937947035,1367.2252604737878,1307.5234377756715,2340.8606769517064,1322.337239049375,3253.7929687350697,0.52857343641508,0.4018459226937166,9,9,9,True
