layer,kind,context,scope,original_wall_us,control_wall_us,fused_wall_us,previous_wall_us,mlx_best_wall_us,original_gpu_us,fused_gpu_us,fused_original_ratio,fused_previous_ratio,fused_mlx_ratio,original_pair_wins,previous_pair_wins,mlx_pair_wins,repetitions,minimum_cosine,oracle_pass
0,gdn,128,halves,645.8268229034729,709.1731770779006,747.16927082045,839.3463541870005,1083.3020937752735,639.0976563466211,740.9388022665553,1.156918920557321,0.8901799204741478,0.6897146004920832,0,9,9,9,0.9999798457791951,True
1,gdn,128,halves,646.0781249916181,712.7851562690921,746.5507812448777,838.2864582818002,1096.9101562636752,639.4765626396293,738.1718747865307,1.1555116206024822,0.8905676262205773,0.680594282933617,0,9,9,9,0.9999323780447917,True
2,gdn,128,halves,648.2421875116415,708.7330728536472,761.4843750488944,838.6861978797242,1064.575531245282,641.0520834378985,750.4492187422329,1.1746911720941013,0.9079490958286865,0.7152938919779152,0,9,9,9,0.99994778445292,True
3,attention,128,halves,630.5716146016493,701.4713541720994,757.8697916469537,820.3138021053746,1226.042968710317,623.5846354343266,751.6770834286035,1.2018774300928885,0.9238778985576551,0.6181429289090595,0,9,9,9,0.9999757794019398,True
3,attention,4096,halves,853.1119792023674,920.2369792037643,1004.4999999809079,1071.7005208134651,1460.9947812118662,845.8776040924931,996.5416666091187,1.177453868271881,0.9372954295276918,0.6875452348623005,0,9,9,9,0.9999802786713984,True
3,attention,8192,halves,1070.9361979388632,1126.8255208269693,1240.2291666367091,1301.6054687323049,1737.2604062302344,1064.0690105674366,1233.281250051732,1.15807941595743,0.9528456943597717,0.713899402869569,0,9,9,9,0.9999734816569741,True
4,gdn,128,halves,648.0768229812384,710.9908853890374,752.9869791469537,839.8567708791234,1068.898437495136,642.0312500381442,745.0013023344582,1.1618791977209042,0.8965659446416817,0.7044513797882506,0,9,9,9,0.9999180552550877,True
5,gdn,128,halves,647.5846354151145,719.441406254191,751.0442708153278,837.1054687886499,1001.9062499964093,641.5611981651637,744.8203126614317,1.1597623379898345,0.8971919295929834,0.7496153166207111,0,9,9,9,0.9999351585667082,True
6,gdn,128,halves,649.7981770662591,710.9257812844589,751.3229167088866,835.9466145629995,1076.274718741388,642.3567708679911,743.1523435457166,1.156240419296029,0.8987690166095704,0.698077269330915,0,9,9,9,0.9999401138956253,True
7,attention,128,halves,627.885416673962,698.067708290182,759.3749999650754,822.4947916460223,1217.2695312528958,620.8255207980073,751.0911458439296,1.209416526963854,0.9232581259820162,0.6238347222767299,0,9,9,9,0.9999699635993362,True
7,attention,4096,halves,849.9596354085952,915.5638020602055,1001.8411458586343,1067.559895804152,1448.542968773836,842.7304690599158,994.8971354560854,1.1786926156523023,0.9384402222265813,0.6916199018291281,0,9,9,9,0.99996514060112,True
7,attention,8192,halves,1066.7304687667638,1118.6940103652887,1235.4713541571982,1297.3919271607883,1714.315124957011,1060.1028643009158,1228.6901040283738,1.158185118294703,0.9522730396981142,0.7206792591228988,0,9,9,9,0.9999609315210284,True
8,gdn,128,halves,650.2213541534729,713.8190104742534,745.4947915975936,836.52473957045,1091.8255312617475,642.0481769850994,738.8463542952195,1.1465246209395226,0.8911808059381486,0.6827966284467415,0,9,9,9,0.9999294189502158,True
9,gdn,128,halves,650.4309895681217,693.4544271207415,745.2395833097398,835.0859375204891,1034.5976562575743,642.531249923195,736.6145834453164,1.1457627254269818,0.8924106488039802,0.7203182597624254,0,9,9,9,0.9999385309486661,True
10,gdn,128,halves,649.0872395806946,707.9986979370005,749.0690104314126,838.2174479193054,1053.9349062810288,643.5390624801585,742.2708334843264,1.1540344113301402,0.8936452137697866,0.7107355548879367,0,9,9,9,0.9999359551254471,True
11,attention,128,halves,627.2760416613892,702.3372395779006,757.182291650679,824.5898437453434,1224.7239687326328,621.3359376374683,751.4361979588102,1.207095826018196,0.9182532351011083,0.6182473038673566,0,9,9,9,0.999976416472458,True
11,attention,4096,halves,851.4088541851379,918.7434896011837,1003.3151041134261,1073.3151041786186,1448.7161250258396,844.9518230122521,997.3828123861495,1.1784175125517973,0.9347815009845019,0.6925546604898394,0,9,9,9,0.9999766637265297,True
11,attention,8192,halves,1068.1757812853903,1126.9479166367091,1238.5507812723517,1304.589843726717,1727.151031275298,1061.4414060796662,1231.5677081460308,1.159500901417125,0.949379444603281,0.7171062396076778,0,9,9,9,0.999975440148587,True
12,gdn,128,halves,649.5260416995734,714.4231770653278,742.1093750162981,839.4739583018236,1012.263031270777,641.6757812530705,735.4804687906835,1.1425398326978051,0.8840171486885849,0.7331191124155421,0,9,9,9,0.9999293763755517,True
13,gdn,128,halves,647.1028645755723,715.1380208670162,747.789062501397,838.651041733101,1101.5989687166439,641.0716146092454,737.7656249332176,1.1555953518948856,0.8916569887709975,0.6788214983285312,0,9,9,9,0.9999340678433631,True
14,gdn,128,halves,650.9088541497476,696.6184896300547,749.6692708227783,835.8033854747191,1074.9427187306537,642.8828128264286,740.5468750789623,1.1517269523119897,0.8969445252928494,0.6974039246556555,0,9,9,9,0.9999329678583391,True
15,attention,128,halves,628.3007812453434,699.7929687495343,757.8268229262903,818.9739583758637,1227.3385625007904,620.1263020670922,751.506510823674,1.2061529215739883,0.9253368989035543,0.6174553999038079,0,9,9,9,0.9999512452805375,True
15,attention,4096,halves,851.7239583306946,915.8072916907258,1002.3450520238839,1066.1822916008532,1455.674468786583,844.8515622490049,995.5208333281007,1.176842616930013,0.9401253987429121,0.6885777510815422,0,9,9,9,0.9999447966018905,True
15,attention,8192,halves,1069.1002604435198,1117.8867187700234,1238.335937494412,1300.3294271184132,1729.8320312306714,1061.8880211268333,1231.2955728361885,1.1582972928850324,0.9523247814506657,0.7158706250880384,0,9,9,9,0.9999518454915807,True
16,gdn,128,halves,648.6783854197711,712.9570312099531,744.5429687504657,837.1966145932674,1092.2148437657597,641.704427039258,736.3476564137272,1.147784457576244,0.8893286902649321,0.6816817890731239,0,9,9,9,0.9999302054226303,True
17,gdn,128,halves,644.3736979272217,700.8294271072373,744.4505208404735,834.9062499473803,1028.2851562237738,638.7369791696074,737.8997395903752,1.1553086714047645,0.8916576213046582,0.7239728360704522,0,9,9,9,0.9999332419421026,True
18,gdn,128,halves,649.2929687374271,712.7994791953824,746.3437500409782,840.2942708344199,1062.6028749811667,641.3151041329002,736.7565103209017,1.1494714804817148,0.888193310302892,0.702373170272296,0,9,9,9,0.9999363725102348,True
19,attention,128,halves,628.160156251397,700.3632812411524,758.1822916981764,821.6315103927627,1225.5078125349428,621.1874999166866,750.7981771368577,1.2069888294455007,0.9227765514199232,0.6186678566576322,0,9,9,9,0.9999816176711585,True
19,attention,4096,halves,854.5598958153278,921.0039062891155,1008.1406249664724,1068.8333333237097,1465.638031220351,847.2812499462634,1000.4205730638205,1.17971909272037,0.9432159285596908,0.6878510269872382,0,9,9,9,0.9999838153413702,True
19,attention,8192,halves,1242.2682291362435,1287.7513021230698,1495.7122395862825,1474.3580729118548,2128.773437448217,1233.647135393312,1486.0820311355383,1.2040171393791985,1.014483704513011,0.7026169216857612,0,8,9,9,0.9999724636223297,True
20,gdn,128,halves,647.7369791828096,701.4973958721384,746.3658854248933,836.7682290845551,1103.365874996598,640.0768227763365,737.0742188754775,1.1522669068029971,0.8919625046489109,0.6764445976972006,0,9,9,9,0.9999348852187647,True
21,gdn,128,halves,646.9218750135042,718.4440104756504,752.7499999850988,832.9609375214204,1024.09375000434,640.9661457382754,745.416666688925,1.1635871796256474,0.9037038426135573,0.7350401269238375,0,9,9,9,0.9999389650398387,True
22,gdn,128,halves,648.682291735895,711.2317708088085,750.6861979491077,840.244791645091,1075.3320312915093,640.8020832964212,742.9257811395473,1.1572478661938606,0.8934136877889608,0.6980971235902913,0,9,9,9,0.9999302438611037,True
23,attention,128,halves,630.9427083469927,704.389322840143,764.4518229062669,822.3307292209938,1231.860687482822,624.7695313845725,754.9960938604272,1.2116025952800926,0.9296160239937081,0.6205667821645838,0,9,9,9,0.9999432155535188,True
23,attention,4096,halves,890.1015624869615,984.0364583069459,1079.485677066259,1135.9361979411915,1633.360656228433,878.9700522129351,1069.9257813371332,1.2127668600537613,0.9503048490071492,0.6608985424926802,0,9,9,9,0.9999068698505442,True
23,attention,8192,halves,1258.1302082980983,1436.9023437611759,1602.204427064862,1612.3932290938683,2271.395812499577,1250.3932292133868,1589.9518228366105,1.2734806115435389,0.9936809446696002,0.7053831913609555,0,8,9,9,0.9999075038633127,True
24,gdn,128,halves,650.7291666930541,719.096354150679,752.4388020392507,841.1731770611368,1094.641937470442,644.1901043103826,743.6406248757521,1.156301024377124,0.8945111691127583,0.6873834961759525,0,9,9,9,0.9999248426578871,True
25,gdn,128,halves,653.088541701436,708.6927083437331,752.7539062430151,842.7005208213814,1079.1249999897445,646.4544269988437,745.5937499685206,1.152606206016001,0.8932638436123248,0.6975595100198484,0,9,9,9,0.9999343680492749,True
26,gdn,128,halves,654.6393228927627,718.2213541236706,759.634114569053,837.4127603601664,1064.3880312954934,645.993489627017,751.2122394359722,1.160385708594975,0.9071203001997948,0.7136815637098843,0,9,9,9,0.9999331379673966,True
27,attention,128,halves,633.1953124608845,702.6158854714595,764.0963541925885,821.733072923962,1221.1510624524635,625.276041489542,756.7369791559031,1.2067309077557178,0.9298595606888675,0.6257181258623626,0,9,9,9,0.9999702714740266,True
27,attention,4096,halves,888.468749995809,968.3541666017845,1059.2630208702758,1153.559895872604,1570.334625000669,880.500000050688,1048.94010416956,1.192234415532648,0.9182557617166485,0.6745460515269633,0,9,9,9,0.9999720984183891,True
27,attention,8192,halves,1255.7838541688398,1336.328124976717,1469.9505207827315,1590.6835937639698,2059.5599062858128,1243.916666567202,1459.903645866234,1.1705442110144355,0.9240998816769382,0.7137206916372847,0,9,9,9,0.9999722025479112,True
28,gdn,128,halves,655.2552083157934,715.0624999776483,761.7434895946644,842.2864583553746,1120.6627499973365,647.0703123113708,753.9570313497279,1.1625142080939401,0.90437579998855,0.6797258939823554,0,9,9,9,0.9999258311920324,True
29,gdn,128,halves,649.903645797167,717.3111978918314,766.3528645643964,848.7473957939073,1073.075531280665,641.7161458784904,759.2773436613243,1.1791792052872603,0.9029221984799846,0.7141648860912805,0,9,9,9,0.9999254832241623,True
30,gdn,128,halves,649.9062500079162,711.8020833004266,753.420572844334,836.1380208516493,1051.800781226575,643.658854073692,745.1328125398504,1.1592757768295918,0.901072016886562,0.7163149013501587,0,9,9,9,0.9999195679761421,True
31,attention,128,halves,712.8606770420447,703.2122396631166,815.055989602115,865.3437499888241,1302.9869687670725,704.7500002386187,805.2760418308935,1.1433594471560995,0.9418869548808105,0.6255288879622078,0,9,9,9,0.9999289314083246,True
31,attention,4096,halves,1031.223958299961,1088.47786457045,1231.4687499892898,1316.059895849321,1865.545562452553,1021.0494792204372,1222.0546874459615,1.1941816712825848,0.9357239392167328,0.6601118593803361,0,9,9,9,0.9999157715333863,True
31,attention,8192,halves,1269.789062498603,1272.6992187090218,1528.2669271109626,1580.4752604453824,2201.3215937590758,1261.537760228748,1519.4830726272812,1.2035596873891359,0.9669666874002777,0.6942497322716147,0,9,9,9,0.9999044601132369,True
32,gdn,128,halves,653.7447916925885,721.4635416166857,752.9088542214595,839.3268228974193,1027.1666562857718,646.4218748192252,744.7018231232505,1.1516861989403062,0.897038952743535,0.732995809018931,0,9,9,9,0.999924436046772,True
33,gdn,128,halves,654.9479166278616,715.9231770783663,742.0195312588476,840.359374997206,1057.4205624607202,646.9960937920405,736.1809895769511,1.1329443340766587,0.8829788223179096,0.7017260280357099,0,9,9,9,0.9999225268306852,True
34,gdn,128,halves,652.7122395345941,717.1145832980983,753.3971354132518,840.3151041129604,1083.2942812726287,644.7643227147637,744.5403645647275,1.154256178726554,0.8965650286728339,0.6954685799025714,0,9,9,9,0.9999224452179252,True
35,attention,128,halves,646.6575521044433,707.8489583800547,764.6276041632518,821.5898437192664,1225.5481562419845,636.6966144355501,756.56119793166,1.1824304868548954,0.9306682768884393,0.6239066170258887,0,9,9,9,0.9999015916410716,True
35,attention,4096,halves,996.9309896696359,1102.2473959019408,1208.151041646488,1299.058593751397,1775.2825624484103,987.5416666318415,1201.664062364216,1.211870284067352,0.930020437459724,0.6805401389062519,0,9,9,9,0.9999259192505734,True
35,attention,8192,halves,1240.04296871135,1310.1653645280749,1453.1562500051223,1544.7486979537643,2058.4023437209,1230.7838541119054,1445.0494791731217,1.1718595941197416,0.9407072178989573,0.7059631730589191,0,9,9,9,0.9999313900607832,True
36,gdn,128,halves,653.6028645932674,708.6940103909001,753.4257812658325,838.0364582990296,1088.1002500013892,646.2747396085433,746.0052083843038,1.152727171314777,0.899036997501359,0.6924231303732084,0,9,9,9,0.9999309122078455,True
37,gdn,128,halves,655.0494791008532,719.209635455627,758.8736978941597,839.5325520541519,1049.9570312276774,645.4635416162091,751.9479165694065,1.1584982846422833,0.903924089706066,0.7227664326480444,0,9,9,9,0.9999260779976044,True
38,gdn,128,halves,679.5638020266779,756.7552084219642,819.4765624939464,867.2734374995343,1127.535156228987,671.5716145322403,813.2812502594788,1.2058861287932108,0.9448883443918302,0.7267858194636388,0,9,9,9,0.9999336736744913,True
39,attention,128,halves,628.735677106306,703.5156249767169,758.5156250279397,821.9596354756504,1231.3801875052377,622.5234373573585,752.0624999415304,1.2064141620194564,0.9228137152854263,0.6159881673625786,0,9,9,9,0.9998932160632238,True
39,attention,4096,halves,856.0429687495343,917.9283854318783,1005.2903645555489,1068.6302083777264,1456.1705625055765,847.2617188886034,998.8841144377147,1.1743456826986476,0.9407280055105939,0.6903658063419332,0,9,9,9,0.9999098415645389,True
39,attention,8192,halves,1171.5364583069459,1247.664062480908,1367.3177083255723,1439.2721354379319,1959.427093765953,1159.703125267697,1358.936198016636,1.1671149443369104,0.9500063779873945,0.6978150463856421,0,9,9,9,0.999890917816089,True
40,gdn,128,halves,653.1302083167247,715.0338541832753,746.539062471129,837.9414062364958,1060.0325312566383,647.3098959531853,738.1132811019597,1.1430172008046322,0.8909203637806986,0.7042605207465927,0,9,9,9,0.999925608527047,True
41,gdn,128,halves,653.6744792247191,707.920572895091,748.4244791558012,836.4674478652887,1073.4361874824572,645.1914063632103,739.6132813823897,1.1449498227978228,0.8947442976601444,0.697223074723324,0,9,9,9,0.999927146621225,True
42,gdn,128,halves,697.511718783062,751.6223958227783,797.6927083800547,865.4075521044433,1143.8893124591232,687.471354126501,789.5507808939328,1.143626245838245,0.9217538100289003,0.6973513081131791,0,9,9,9,0.9999245211329473,True
43,attention,128,halves,633.8294271263294,700.2460937364958,758.9570312411524,819.291666673962,1218.8437499958127,626.858072791947,752.2968750777181,1.1974152646748029,0.9263575624078454,0.6226860754249753,0,9,9,9,0.9999320065947006,True
43,attention,4096,halves,859.5455729519017,918.5924478806555,1022.8658854030073,1068.736979214009,1462.3502499944152,849.9609373870953,1015.947916641835,1.1900077408231204,0.9570791553926233,0.6994670978494473,0,9,9,9,0.99994293825219,True
43,attention,8192,halves,1163.1757812574506,1187.800781277474,1330.2408854360692,1453.0755208106712,1968.295562505773,1155.7044271626182,1321.7695312164324,1.1436284238982461,0.9154657596144263,0.6758339096911761,0,9,9,9,0.9999395697037666,True
44,gdn,128,halves,646.6158853727393,716.4869791013189,746.3919270667247,840.0781250093132,1084.0117187171927,640.0546873237545,739.5299480776885,1.1543049652058424,0.8884791840740409,0.688545994641088,0,9,9,9,0.9999251632524486,True
45,gdn,128,halves,653.3958333311602,717.4973958171904,745.3802083036862,838.8450520578772,1104.2304687975957,644.6223957254915,737.3710937486067,1.1407789432992996,0.888579132075822,0.6750223158715554,0,9,9,9,0.9999216273677518,True
46,gdn,128,halves,651.3919271528721,716.6705728741363,800.3450520918705,868.3736978564411,1165.2708125211575,644.8502603007,793.1158852443332,1.2286689759728036,0.9216597117894085,0.6868318020943641,0,9,9,9,0.9999219298919515,True
47,attention,128,halves,631.4257812337019,703.8489583646879,761.5429687430151,820.6276042037643,1228.9101562146243,625.5898437075302,754.9700521849445,1.2060688546088278,0.9280006727069854,0.6196897022063627,0,9,9,9,0.9998900297890395,True
47,attention,4096,halves,856.9309895392507,919.5638020755723,1008.9674478513189,1070.5351562355645,1456.4335937166106,850.9010414172735,999.890624825639,1.177419722437409,0.9424888495948675,0.6927658440482535,0,9,9,9,0.9998803285497815,True
47,attention,8192,halves,1130.1770833670162,1245.6692708074115,1342.802083294373,1407.5091145932674,2001.300781273585,1121.105468882888,1333.726562506854,1.1881342340564063,0.9540272736936464,0.670964652519569,0,9,9,9,0.999846422017297,True
48,gdn,128,halves,651.3619791949168,710.5794270755723,751.4179687714204,833.524739544373,1059.1718749992651,643.3645833112678,744.936198088908,1.153610423654406,0.9014945005497566,0.709439125516755,0,9,9,9,0.9999263691220087,True
49,gdn,128,halves,647.5442708469927,711.398437502794,752.5390624650754,837.8216146375053,1086.3502500342292,640.2565103940105,744.7838540315388,1.1621430322914428,0.898209176413611,0.6927223171729044,0,9,9,9,0.9999260853937191,True
50,gdn,128,halves,656.6171874874271,750.0937500153668,802.4544270592742,870.4440103610978,1140.53646876755,649.8502604017631,795.6718749255742,1.2221039021684754,0.9218909171726983,0.7035762985522038,0,9,9,9,0.9999228275540091,True
51,attention,128,halves,630.0924479728565,700.3658854519017,760.557291621808,821.7994791921228,1229.001281217279,623.4257814412558,753.3359376452609,1.2070566693327067,0.9254779430737538,0.6188417402368408,0,9,9,9,0.9998837355381224,True
51,attention,4096,halves,877.727864542976,917.338541650679,1011.6002604481764,1088.4166666073725,1487.634124998749,869.3463540794255,1004.4648437315118,1.1525215289535173,0.9294237138074749,0.6800060871479585,0,9,9,9,0.9998451446341087,True
51,attention,8192,halves,1221.7994790989906,1264.0039062825963,1396.096354117617,1514.4609374692664,2055.1640624830725,1213.625000104912,1387.1640624074644,1.142655876025713,0.9218437528342976,0.6793113891018694,0,9,9,9,0.9997995054337606,True
52,gdn,128,halves,652.3619791259989,746.9127604272217,775.2682291902602,846.005208324641,1068.2500000029904,645.9531252289707,769.3072915913035,1.1884019210146561,0.9163870642422374,0.7257366994505873,0,9,9,9,0.9999156146194571,True
53,gdn,128,halves,647.8177083772607,720.1276042032987,748.9648437476717,834.0286457678303,1032.6809687626337,642.1028645036131,742.6822915590492,1.1561351813363943,0.8980085366949879,0.7252625606580967,0,9,9,9,0.9999122540361329,True
54,gdn,128,halves,690.8567708451301,741.8541666120291,767.0442708185874,873.3255208353512,1119.8997187307214,681.9713541403871,758.1432290066914,1.1102797326285976,0.8783028235392641,0.6849222818699737,0,9,9,9,0.9999166075180316,True
55,attention,128,halves,629.1171875200234,704.8333333223127,762.7565104048699,821.5299479197711,1232.5703124815846,622.7747397247185,755.2473959435702,1.2124235763000721,0.9284585575197548,0.6188340759799583,0,9,9,9,0.999857666536756,True
55,attention,4096,halves,853.7057291832753,920.9114583209157,1008.9583333465271,1066.3710937369615,1457.4830937590377,845.5846354991081,1001.8997397196472,1.1818572827334533,0.946160618261661,0.6922607457108081,0,9,9,9,0.999788039870229,True
55,attention,8192,halves,1169.3216146086343,1244.3645833991468,1345.9661459201016,1447.5611979141831,1933.7382812523174,1160.4609375694963,1335.735677116645,1.1510658223576833,0.929816402829482,0.6960435954385896,0,9,9,9,0.9998555573181327,True
56,gdn,128,halves,650.2578125218861,718.5247396118939,753.5364583018236,841.7916666949168,1062.1119999996154,643.8919271545274,745.1367189901248,1.1588272278950302,0.8951578972745061,0.7094698659859756,0,9,9,9,0.999901814023082,True
57,gdn,128,halves,648.6341145937331,710.4440103867091,746.884114574641,839.1067708143964,1068.9791562299433,642.3697916488891,740.3450521223931,1.1514721439566065,0.8900942532614191,0.6986891280544127,0,9,9,9,0.9999031224061092,True
58,gdn,128,halves,654.3645833153278,719.7799479472451,770.2278645592742,839.0481770620681,1067.951812501633,645.4088540976954,763.507812791886,1.1770622741483454,0.917978115697994,0.7212196800856091,0,8,9,9,0.9999003667516112,True
59,attention,128,halves,631.6901042009704,711.1354166409001,760.0885417195968,821.5546875144355,1239.279968729079,626.3124999463798,753.3046878052119,1.203261752344591,0.9251831354272948,0.6133307734321662,0,9,9,9,0.9998200269665309,True
59,attention,4096,halves,852.2317708120681,917.3359374981374,1003.3971354132518,1066.4375000051223,1464.321593743989,845.8619790872035,996.7343749508473,1.1773758850331786,0.9408869581278156,0.6852300339625246,0,9,9,9,0.9996901337368216,True
59,attention,8192,halves,1151.609374966938,1212.0026040938683,1342.8255207836628,1442.630208330229,1964.7343750079926,1142.7161458072987,1332.8385414297372,1.1660425400949992,0.9308175532646824,0.6834641556969756,0,9,9,9,0.9996258898872941,True
60,gdn,128,halves,650.9453124599531,720.372395880986,751.9244791474193,839.2421875032596,1091.300781240534,644.0924478852139,745.1497396573359,1.1551269588313973,0.895956483532352,0.6890167147985276,0,9,9,9,0.9998997880051019,True
61,gdn,128,halves,651.1341145378537,716.6484374902211,743.7617187388241,838.2369792088866,1074.5989687848123,644.3411459144954,736.9075520955448,1.142255799739065,0.8872928982932409,0.6921295667907549,0,9,9,9,0.9999043764989237,True
62,gdn,128,halves,654.8854166758247,713.3828124497086,758.6093749850988,845.9244791301899,1120.240875025047,649.1145832114853,752.2916667426216,1.1583848955375633,0.896781442907443,0.6771841591373261,0,9,9,9,0.9998835622536772,True
63,attention,128,halves,630.53124997532,701.5859374660067,758.8346354314126,818.776041676756,1229.8658750182767,623.6861979687092,751.8606769281178,1.2034845782205317,0.9267914506601945,0.6170060092285558,0,9,9,9,0.9999630258690132,True
63,attention,4096,halves,854.0559895918705,918.7187500065193,1004.7812499688007,1065.7773437560536,1458.4557500256778,846.9361981155998,996.9661456921131,1.1764817087097037,0.942768445825384,0.68893502593487,0,9,9,9,0.9999388474955596,True
63,attention,8192,halves,1125.0065104104578,1211.0664062784053,1321.8450520653278,1452.3242186987773,1976.8164062838878,1115.7148436495845,1314.0013018642094,1.1749665800449933,0.9101583758271596,0.6686736552081709,0,9,9,9,0.9999278131183243,True
