ctx,layer,capacity,original_us,previous_us,control_us,queue_us,mlx_best_us,queue_original_ratio,queue_previous_ratio,queue_mlx_ratio,oracle_pass,control_bit_exact
128,3,384,630.2460937295109,645.1549479970708,638.0026042461395,650.3138019470498,1217.5612187093066,1.0318410671913685,1.0079963022309524,0.534111789989849,True,True
128,7,384,626.1796874459833,643.0742187658325,630.0377603620291,646.6015625046566,1221.7734374644351,1.0326134422244972,1.0054851269665166,0.5292319694284389,True,True
128,11,384,630.5065104970708,645.8841145504266,634.0794271090999,647.5598958786577,1224.628906243197,1.0270471202083902,1.0025945541784962,0.5287805085911143,True,True
128,15,384,631.7591145634651,646.438802126795,630.9114582836628,649.803385604173,1234.9544062999485,1.0285619480981705,1.0052047981437815,0.5261760128870274,True,True
128,19,384,629.8893227940425,648.9726562285796,633.0325520830229,652.1679686848074,1218.8150936935926,1.035369143569448,1.0049236472839964,0.5350836005061494,True,True
128,23,384,629.3320312397555,646.6705728089437,634.6276042750105,650.0664062332362,1225.3359374199135,1.032946638601304,1.0052512570806216,0.5305209668476926,True,True
128,27,384,627.5533854495734,644.906249945052,628.0364583944902,650.9440104709938,1217.8515625009823,1.0372727254186727,1.009362229822484,0.5345019298856208,True,True
128,31,384,626.7005207482725,647.4752604262903,631.8164062686265,649.8098958982155,1218.7630312610054,1.0368746704125131,1.0036057523964514,0.5331716496404417,True,True
128,35,384,631.1041666194797,643.7630207510665,636.0611979616806,650.1289062434807,1223.2929688025251,1.03014516561649,1.0098885541530287,0.5314580585547618,True,True
128,39,384,630.3697916446254,646.6744792414829,634.0911457082257,650.0924478750676,1222.9023436702846,1.0312874387254283,1.0052854546503733,0.5315980063657018,True,True
128,43,384,629.1406250093132,645.8203125512227,631.533854175359,653.8645833497867,1223.9062500611908,1.0392979841988546,1.012455896233406,0.5342440103701537,True,True
128,47,384,629.6132812276483,646.6770833358169,632.638020790182,650.7369790924713,1216.4348750047793,1.0335502736277022,1.006278088185392,0.5349542276892666,True,True
128,51,384,628.0442709103227,645.062500028871,634.6432291902602,651.3776042265818,1225.6679688107397,1.0371523702977792,1.0097899105860721,0.5314470319874726,True,True
128,55,384,626.5416666865349,645.3411456895992,633.6158853955567,650.1054686959833,1221.1835937705473,1.0376093135737732,1.0073826425576708,0.5323568642850062,True,True
128,59,384,629.9752605846152,644.1770833916962,634.7187500214204,651.3007812900469,1224.7695312908036,1.0338513621719712,1.0110586018689818,0.5317741539533817,True,True
128,63,384,629.4713540701196,646.1367188021541,631.6783854272217,649.8346355510876,1222.9427186412067,1.0323498144106167,1.0057231180976511,0.5313696427851576,True,True
4096,3,33024,846.5078125009313,876.122395740822,881.9609375204891,860.454426961951,1439.671875004933,1.0164754704623642,0.982116689568673,0.5976739852329216,True,True
4096,7,33024,845.5664062639698,870.7044271286577,879.9921874888241,856.9869790226221,1439.648437553842,1.0135064173245867,0.9842455744123503,0.5952751773750814,True,True
4096,11,33024,848.1796875130385,876.6718750121072,881.1940103769302,860.1054687751457,1445.5911563118207,1.0140604419531374,0.9811030709332009,0.5949852868286482,True,True
4096,15,33024,846.2239584187046,870.9726562956348,880.5455728434026,858.8398437714204,1442.0325625223995,1.0149084473763783,0.9860698123683734,0.5955759017460327,True,True
4096,19,33024,849.2513020755723,874.4049479719251,884.5078124431893,861.355468747206,1442.6184687863497,1.0142527502072132,0.9850761603591268,0.5970778049665826,True,True
4096,23,33024,849.6835937257856,878.8072916213423,883.0833333777264,861.8463543243706,1442.9153749233592,1.0143144585683388,0.9807000494207554,0.5972951493223556,True,True
4096,27,33024,850.0325519125909,880.0052083097398,883.6653644684702,862.8333333181217,1444.936218717885,1.0150591661186725,0.9804866211819351,0.5971428511105684,True,True
4096,31,33024,849.2356770439073,877.6679687434807,883.27083340846,865.1393229374662,1450.8150936762831,1.0187270110329298,0.9857250734307289,0.5963126015909114,True,True
4096,35,33024,850.2148437546566,876.5299478545785,884.4257812015712,864.8645834764466,1444.68878124826,1.0172306327387732,0.9866914251969549,0.5986511383643294,True,True
4096,39,33024,848.0234375456348,878.5625000018626,885.6666666688398,865.7213541446254,1438.0729062395403,1.0208696078615613,0.9853839130884712,0.6020010184382278,True,True
4096,43,33024,849.7161457780749,876.4388021081686,883.7226562900469,864.3684895941988,1442.7161249841447,1.0172438100522463,0.9862280030448947,0.5991258256739164,True,True
4096,47,33024,847.8268230101094,878.9375000633299,883.3619791548699,865.7135417452082,1439.0872187277637,1.02109713711533,0.9849546090396998,0.6015712810725601,True,True
4096,51,33024,849.9361978610978,879.8867186997086,884.2825521714985,863.3098958525807,1446.128906195554,1.0157349434288578,0.9811602760959671,0.5969799041800212,True,True
4096,55,33024,849.5885416632518,877.3385416716337,882.2552082128823,864.1236978583038,1442.8528750158875,1.017108465430332,0.9849375774736271,0.5988993838673875,True,True
4096,59,33024,849.7382812201977,881.5234374487773,886.0156249720603,862.5091144349426,1451.2812500697692,1.0150291372025824,0.9784301560161983,0.5943087285069508,True,True
4096,63,33024,848.904947983101,877.5729165645316,882.6510417275131,862.7239582128823,1446.1536561611865,1.0162786307967855,0.9830795161617121,0.5965645175651543,True,True
8192,3,33024,1063.8281248975545,1097.795572830364,1099.5403645792976,1073.2096354477108,1716.329437499553,1.0088186336971112,0.9776042662303098,0.6252934966909522,True,True
8192,7,33024,1064.0716144116595,1086.6653644479811,1092.8242186782882,1066.72656245064,1705.9335937119613,1.0024950839802718,0.9816513872166432,0.6253036849632211,True,True
8192,11,33024,1063.4505208581686,1091.9570312835276,1095.807291683741,1073.95963545423,1717.7630312517067,1.0098820907883714,0.9835182197525275,0.6252082597630784,True,True
8192,15,33024,1064.6354167256504,1093.0885416455567,1092.9596355417743,1071.141927037388,1712.16143746733,1.0061114915111022,0.9799223816076877,0.6256080201303019,True,True
8192,19,33024,1064.9036458926275,1092.4375000176951,1093.7708333367482,1072.0104166539386,1713.571625032273,1.006673627974439,0.9813013711416665,0.6256000046883062,True,True
8192,23,33024,1061.5130208898336,1095.0768229085952,1091.04817698244,1072.1171874320135,1714.4908749742171,1.0099896716606365,0.9790337673154296,0.6253268553838971,True,True
8192,27,33024,1064.0729166334495,1093.3151041390374,1095.1002603396773,1075.6263020448387,1714.3710937261858,1.0108577008499964,0.983820947842728,0.6274174278726111,True,True
8192,31,33024,1062.4466146109626,1093.7760417582467,1091.9934896519408,1078.1627604737878,1711.6002500188188,1.0147924099401266,0.9857253398425508,0.6299150519882978,True,True
8192,35,33024,1063.042968744412,1093.1132811820135,1095.9140624618158,1072.9466147022322,1709.7851563221411,1.009316317636264,0.98155116507415,0.6275330036261456,True,True
8192,39,33024,1062.7382813254371,1092.4882811959833,1094.2148437025025,1074.9283854383975,1716.477874992961,1.0114704667434742,0.9839266964599727,0.6262407462973012,True,True
8192,43,33024,1065.9231770550832,1091.3867187919095,1096.0690104402602,1070.7981770392507,1711.2278749209509,1.0045735003132552,0.9811354294512133,0.6257484422340395,True,True
8192,47,33024,1064.8294270504266,1095.4322916222736,1095.5247395904735,1074.6523436391726,1719.013031220129,1.009224873335775,0.9810303675160725,0.6251566009807389,True,True
8192,51,33024,1064.7890624823049,1093.1276041083038,1094.3007812602445,1073.99088551756,1711.4192812641704,1.0086419210710178,0.9824936096034697,0.6275439906953937,True,True
8192,55,33024,1062.8242187667638,1095.217447844334,1094.1796875558794,1074.0768229588866,1715.6510313043327,1.0105874555673746,0.9806973264285942,0.6260462083261268,True,True
8192,59,33024,1065.7161459093913,1092.2200519125909,1095.4947917489335,1072.4075520411134,1716.8580936868238,1.0062787883597393,0.9818603404718823,0.6246337749080931,True,True
8192,63,33024,1064.0651043504477,1095.4335937276483,1095.7838542526588,1075.111979036592,1718.976562528951,1.0103817657782206,0.9814487936033586,0.6254372528819658,True,True
16384,3,33024,1512.2786458814517,1536.9492187164724,1509.4283854123205,1492.661458440125,2180.9596249795504,0.987028060275299,0.9711846300860006,0.6844058190458803,True,True
16384,7,33024,1510.2018228499219,1519.56119784154,1512.0598959038034,1488.6119790608063,2182.477843689412,0.9857040009736096,0.979632792134535,0.6820742686415333,True,True
16384,11,33024,1512.5299479113892,1532.0299478480592,1512.4375000596046,1491.467447951436,2198.740874973737,0.986074655917367,0.97352368995554,0.6783279762192309,True,True
16384,15,33024,1512.9726562881842,1523.309895885177,1509.359374991618,1492.2799480846152,2184.1197813046165,0.9863231446268599,0.979629917796516,0.6832408922157409,True,True
16384,19,33024,1515.7031249254942,1535.2747396100312,1517.9466144181788,1488.8580727856606,2188.7851562496508,0.9822887136020432,0.9697665403938316,0.680221203316605,True,True
16384,23,33024,1514.6601563319564,1525.7343749981374,1510.5234375223517,1492.502604261972,2186.5989687057663,0.985371271583691,0.978219163649501,0.6825680546009654,True,True
16384,27,33024,1515.8710938412696,1530.7877603918314,1515.123697812669,1492.6223958609626,2177.0507812561846,0.9846631431427365,0.975068154110992,0.6856167107869213,True,True
16384,31,33024,1511.8476562201977,1529.26692715846,1513.842447893694,1496.9895832473412,2189.7760311730963,0.9901722419506186,0.9788935840186556,0.6836268010685007,True,True
16384,35,33024,1511.8880209047347,1528.2408853527158,1515.6315105268732,1494.0911458106712,2183.0052187397087,0.9882287081794499,0.9776542167734487,0.6844194109042209,True,True
16384,39,33024,1515.2135415701196,1523.2382812537253,1514.6822915412486,1490.8854166278616,2179.63149998468,0.9839440948257047,0.9787604703584293,0.684008015409183,True,True
16384,43,33024,1513.3958333171904,1526.3359375530854,1513.927083229646,1495.160156278871,2183.570312467964,0.9879504907857788,0.9795747577533992,0.6847318576102903,True,True
16384,47,33024,1618.6692708870396,1580.670572933741,1692.6914062350988,1663.046875037253,2623.260406267036,1.0274161034303777,1.0521147818616126,0.6339617946675029,True,True
16384,51,33024,1516.6679687099531,1526.4453125419095,1514.9622396565974,1498.3190103666857,2178.6510312722385,0.9879017960939238,0.9815739863432208,0.6877278595148539,True,True
16384,55,33024,1513.4114583488554,1527.1927083376795,1515.4739583376795,1495.4401041613892,2192.0950625826663,0.9881252688498386,0.9792085150728277,0.6821967394057732,True,True
16384,59,33024,1511.0546875512227,1526.2070312164724,1514.4856770057231,1495.8007812965661,2185.2395938140035,0.9899051262801237,0.9800772442414508,0.6845019582891015,True,True
16384,63,33024,1519.9296874925494,1664.06119777821,1614.4075519405305,1532.992187421769,2510.641906269484,1.0085941475034736,0.921235462655196,0.6105977055483844,True,True
32768,3,33024,2622.52864590846,2576.425781240687,2547.2786457976326,2501.7773436848074,3603.6887812542773,0.9539561550978508,0.9710263582598012,0.6942268035737688,True,True
32768,7,33024,2446.5950519079342,2387.088541756384,2355.6223958730698,2316.367187537253,3157.8059687262794,0.9467717944295173,0.9703733845720296,0.7335368957047016,True,True
32768,11,33024,2600.444010575302,2564.9882812285796,2530.2669272059575,2474.6835937257856,3538.1562499878783,0.9516388676941004,0.9647933333014919,0.6994274472005763,True,True
32768,15,33024,2441.2864584010094,2386.7682290729135,2351.178385433741,2316.2252604961395,3156.3737187525476,0.9487724197729822,0.970444147983244,0.7338247834009818,True,True
32768,19,33024,2573.8593749701977,2530.332031310536,2499.563802033663,2472.5156250642613,3487.9205937841107,0.9606257626615247,0.9771506642089458,0.7088795626455998,True,True
32768,23,33024,2442.3854167107493,2376.4544271398336,2353.597656241618,2318.911458365619,3154.377593773461,0.9494453424507353,0.9757862098607673,0.735140733608748,True,True
32768,27,33024,2577.2291666362435,2535.6119791977108,2513.1809894228354,2450.916666770354,3496.9518436582803,0.9509890305832793,0.9665976840612044,0.7008722957438175,True,True
32768,31,33024,2444.79427090846,2394.898437545635,2355.3906249580905,2323.726562433876,3154.2578125254295,0.9504793880142739,0.9702818816881864,0.736695191244816,True,True
32768,35,33024,2585.9843749785796,2538.4205728769302,2496.070312568918,2452.854166738689,3478.5364687195397,0.9485185565976232,0.9662914778376287,0.7051397013645777,True,True
32768,39,33024,2441.785156261176,2384.820312494412,2350.2513020066544,2319.901041686535,3159.342468734394,0.9500840136315399,0.9727781290406846,0.7342986917831252,True,True
32768,43,33024,2566.6783853666857,2525.686197914183,2451.8020832911134,2451.3463540934026,3465.7591249924735,0.9550656475190575,0.970566476594688,0.7073043064118676,True,True
32768,47,33024,2443.559895735234,2387.920572771691,2353.940104134381,2322.8124999441206,3151.424468796904,0.9505854568975964,0.9727344060058085,0.7370674826393296,True,True
32768,51,33024,2560.183593770489,2534.8138021072373,2417.2669271938503,2449.7825521975756,3454.419281297305,0.9568776857091248,0.9664546366920624,0.7091734826345577,True,True
32768,55,33024,2444.4713541306555,2387.6184896798804,2353.940104134381,2321.490885457024,3142.6354062205064,0.949690362103929,0.9723039486799574,0.7387083085940813,True,True
32768,59,33024,2478.4895832417533,2515.329427202232,2473.34114566911,2432.035156292841,3446.355468781803,0.9812569609882515,0.9668853431250003,0.7056832002162858,True,True
32768,63,33024,2441.8906250502914,2389.381510321982,2353.8307291455567,2320.453125052154,3157.503906322745,0.9502690666189701,0.9711522061370017,0.7349011098309528,True,True
