layer,ctx,original_us,control_us,megakernel_us,previous_us,mlx_best_us,mega_original_ratio,mega_mlx_ratio,oracle_pass,control_bit_exact,minimum_cosine,every_pair_vs_mlx
3,128,624.3776041083038,633.4726562490687,643.0859374813735,,1217.1536250207282,1.0299631717248856,0.5283523166358082,True,True,0.9999757794019398,True
7,128,626.1471352772787,627.5481771444902,643.2682290906087,,1218.4622499944453,1.0273435632756638,0.5279344756832156,True,True,0.9999699084451225,True
11,128,624.5872395811602,632.5872396118939,644.1744792973623,,1219.575531308692,1.0313602944071303,0.5281956408276877,True,True,0.999976715798613,True
15,128,626.4817708870396,631.60677079577,642.7552084205672,,1201.8372187867499,1.025975915485116,0.5348105370454629,True,True,0.9999511083282953,True
19,128,625.7434895960614,632.6653645373881,645.6640624674037,,1218.8476563324002,1.0318350461531796,0.5297331943930164,True,True,0.999982050690428,True
23,128,627.0859374199063,633.4947916911915,646.2005208013579,,1210.0312499114807,1.0304816010706557,0.5340362249723968,True,True,0.9999434512925066,True
27,128,629.2734374292195,635.4218749329448,644.8190102819353,,1214.5781249728316,1.024704002946993,0.5308995749420063,True,True,0.9999702714740266,True
31,128,663.1601563422009,665.0299478787929,679.2630208656192,,1272.2369687026003,1.024282014486873,0.5339123430427564,True,True,0.9999295010029109,True
35,128,628.0520833097398,633.8580728042871,645.9375000558794,,1218.5012813006324,1.028477601175823,0.5301081828706847,True,True,0.9999017553399626,True
39,128,628.5963541595265,634.4492187490687,646.3945312425494,,1219.3906250104192,1.0283141589435723,0.5300963595952086,True,True,0.9998932433277586,True
43,128,626.9778646528721,631.863281247206,646.957031218335,,1219.997406224138,1.031865824444256,0.5302937759684679,True,True,0.9999320065947006,True
47,128,627.8476561419666,631.2643230194226,652.4231771472842,,1218.397156321771,1.039142490642285,0.535476608560783,True,True,0.9998900215549075,True
51,128,625.7460936903954,633.416666649282,649.7447916772217,,1219.7278749681573,1.0383521339227093,0.5326965178148316,True,True,0.9998837355381224,True
55,128,625.5364582175389,630.5872396333143,645.1302083441988,,1213.7604062445462,1.0313231145351498,0.5315136373085968,True,True,0.999857666536756,True
59,128,626.0585937416181,632.5442707166076,646.170572959818,,1208.2083125051213,1.0321247554450157,0.5348171886187706,True,True,0.9998200633870423,True
63,128,627.6744791539386,635.1445312611759,644.8619790608063,,1215.9166562923929,1.0273828241830627,0.5303504773321698,True,True,0.9999635341987057,True
3,4096,849.3802084121853,886.7304687155411,880.859375,893.4440102893859,1446.3372186810375,1.0370613375212276,0.6090276621680832,True,True,0.999980671802874,True
3,8192,1079.4270833721384,1106.9257812341675,1113.0364583805203,1135.7877604896203,1725.2057499490547,1.031136308812436,0.6451615747358762,True,True,0.9999734677952495,True
7,4096,846.9583333935589,881.8867187947035,876.7174478853121,885.197916533798,1442.2135312770479,1.0351364563266243,0.6078971170857054,True,True,0.9999661448958489,True
7,8192,1060.8411459252238,1093.8372396631166,1093.3059896342456,1116.141927195713,1715.1705625337854,1.0306029265868144,0.6374328090257844,True,True,0.9999609231821027,True
11,4096,849.5078125270084,884.1080728452653,878.1328125623986,885.9505207510665,1441.7994999575967,1.0336959820890173,0.6090533479781512,True,True,0.9999766637265297,True
11,8192,1064.8684895131737,1095.2460936969146,1095.528645790182,1117.1979167265818,1719.8020937030378,1.0287924345390531,0.6370085545315946,True,True,0.999975577012514,True
15,4096,851.4622395159677,884.0729165822268,879.0911458199844,890.2942709391937,1438.7682186907114,1.0324487746159159,0.6110026162657132,True,True,0.9999447966018905,True
15,8192,1065.0950520066544,1095.7773437257856,1096.3346355129033,1121.0859374841675,1702.1185000203332,1.029330324507088,0.6441000644196081,True,True,0.9999518454915807,True
19,4096,849.5442708954215,885.8020834159106,874.6184896444902,892.4947917694226,1443.8958437494875,1.029514905353479,0.6057351667231715,True,True,0.9999838153413702,True
19,8192,1065.8124999608845,1096.9596353825182,1092.2942708712071,1124.3294270243496,1716.2604062832543,1.0248465568862202,0.6364385421188428,True,True,0.9999724636223297,True
23,4096,851.9296874292195,886.7096354952082,882.6744791585952,888.0364582873881,1443.868468754772,1.036088414552322,0.6113260994748612,True,True,0.9999078326234935,True
23,8192,1068.6028646305203,1098.9179688040167,1100.661458214745,1118.9596354961395,1739.1458125075587,1.030000475055164,0.6328747424735908,True,True,0.9999075038633127,True
27,4096,853.25651045423,886.5820312639698,881.8893230054528,887.3463540803641,1448.839843760652,1.0335570982470208,0.6086865479323059,True,True,0.9999720984183891,True
27,8192,1075.2057291101664,1111.1054687062278,1108.2343750167638,1128.2981770345941,1750.4257812106516,1.0307184430033978,0.6331227447131593,True,True,0.9999722025479112,True
31,4096,851.4726562425494,893.0052084615454,880.4479165701196,893.899739603512,1452.2135625156807,1.0340295840566796,0.6062799159132717,True,True,0.9999156614592302,True
31,8192,1075.4179687937722,1107.8971355454996,1107.3346354532987,1138.110677129589,1761.235687467888,1.0296783832757839,0.628725981044197,True,True,0.999904393718294,True
35,4096,852.9921874869615,889.7630207939073,878.6080728750676,891.6549478890374,1446.209656251085,1.0300306213396564,0.6075246898521104,True,True,0.9999256785553997,True
35,8192,1107.669270830229,1133.1315104616806,1131.7460937425494,1161.6523436969146,1795.4257812107244,1.0217364727417908,0.6303496950898019,True,True,0.9999320922178432,True
39,4096,856.4088541315868,910.3880209149793,902.9492187546566,900.7018229458481,1475.0664062148644,1.0543436285117143,0.6121414025499332,True,True,0.9999098415645389,True
39,8192,1090.5130207538605,1125.786458258517,1123.5091146081686,1145.1484374701977,1781.2434687130008,1.0302574047501958,0.6307442718203683,True,True,0.9998914844565667,True
43,4096,859.5624999143183,915.3255206765607,905.1484374795109,899.5403643930331,1486.539062511838,1.053033883597454,0.6088965034999225,True,True,0.9999429285084052,True
43,8192,1128.9960937574506,1123.5299478285015,1123.2734374934807,1179.156249971129,1826.5025937580504,0.9949311992347785,0.6149859525697867,True,True,0.9999396069092498,True
47,4096,865.2382811997086,899.4348957203329,887.7591144992039,906.9427083013579,1471.2825312699351,1.0260284753793703,0.60339132398516,True,True,0.9998807260012079,True
47,8192,1108.4401041734964,1162.1783854207024,1158.9882812695578,1152.5546874618158,1901.7760624819857,1.0456029846860804,0.6094241609903196,True,True,0.999846422017297,True
51,4096,848.8085938151926,885.9270833199844,876.6588543076068,888.0638019181788,1445.846343813173,1.032811002027246,0.6063291981605519,True,True,0.9998451329135111,True
51,8192,1125.0286458525807,1138.7942709261551,1134.1979167191312,1177.4153646547347,1875.3138124338875,1.0081502554626969,0.60480433151991,True,True,0.9998009642236213,True
55,4096,850.4010415636003,886.6614582948387,879.796874942258,888.8554687146097,1447.1145937022811,1.0345670241943832,0.6079662790846411,True,True,0.9997897410191687,True
55,8192,1147.8841146454215,1181.656250031665,1163.51302084513,1198.4140624990687,1917.4296875235086,1.01361540420353,0.6068087025125216,True,True,0.9998555261887613,True
59,4096,850.4062499850988,886.6940103471279,879.9908854998648,888.7408855371177,1440.3724062503898,1.0347888265347114,0.6109467813193374,True,True,0.9996907324374029,True
59,8192,1126.238281140104,1178.5989581840113,1172.9570312891155,1224.7513021575287,1970.333343706443,1.0414821187766035,0.5953089283271413,True,True,0.9996271689553311,True
63,4096,850.4895834485069,886.6848958423361,876.2786459410563,888.6770833050832,1445.261718799884,1.0303226082887245,0.6063113929764226,True,True,0.9999385327796255,True
63,8192,1138.3359375176951,1185.1497396128252,1167.3580728238449,1238.2005208637565,1991.13540622875,1.0254952289123338,0.5862775927604261,True,True,0.9999289137001705,True
