layer,ctx,repetition,production_wall_us,matched_control_wall_us,megakernel_wall_us,previous_geometry_wall_us,mlx_wall_us,mlx_bf16_wall_us
3,128,0,712.0598959736526,714.9375000735745,744.8489583330229,,1410.6887813341018,1343.481781191258
3,128,1,715.7382812583819,708.9531250530854,712.1341146994382,,1390.0195311862262,1336.770843749946
3,128,2,713.1979167461395,730.9062500717118,725.6536458153278,,1377.1601562666547,1355.7213437707105
3,128,3,632.3632813291624,636.1627605510876,643.8372395932674,,1290.0937499580323,1217.4739374586352
3,128,4,624.3776041083038,634.4440103275701,644.2083333386108,,1293.1041562751489,1218.5039063297154
3,128,5,630.7200520532206,633.7057292694226,645.9843749180436,,1329.3854062794708,1217.1536250207282
3,128,6,626.2317707296461,633.4726562490687,643.0859374813735,,1293.1302187553229,1226.3554688161094
3,128,7,628.231770824641,633.9817708358169,645.0846354709938,,1293.1536563201007,1223.2551874831188
3,128,8,625.2382813254371,636.0260415822268,645.5598959000781,,1289.195312551783,1220.8632813326403
7,128,0,627.3437500931323,629.2044270085171,643.6406249413267,,1289.455718733734,1231.214843755879
7,128,1,626.1471352772787,630.8502603787929,644.0351562341675,,1294.6354062250975,1228.7617188349031
7,128,2,628.1640625093132,628.1809896463528,644.3580728955567,,1293.1080624412061,1223.8750000506116
7,128,3,627.5169270811602,627.5481771444902,644.8307291138917,,1294.673187544504,1232.5781250410728
7,128,4,628.8841145578772,629.5898436801508,643.4440105222166,,1290.4153750241676,1230.8150937769824
7,128,5,628.3242187928408,630.7447915896773,644.4088540738449,,1294.0117187554279,1223.0846250531613
7,128,6,626.578125054948,630.3242187714204,644.4440103368834,,1293.7265624941574,1232.6380311833418
7,128,7,630.0507811829448,632.0117188151926,645.4674479318783,,1289.0390624988868,1220.0130312294277
7,128,8,628.6653645802289,631.1106771463528,643.2682290906087,,1293.6966249981197,1218.4622499944453
11,128,0,627.3007811978459,635.2838542079553,644.9257812928408,,1289.0625000636646,1236.5924686719154
11,128,1,624.5872395811602,634.5976563170552,648.1614583171904,,1287.878906282458,1221.7721249498936
11,128,2,627.9960937099531,635.2604166604578,645.3072915319353,,1292.3059999820907,1221.4974062771944
11,128,3,627.7799480594695,636.432291707024,644.1744792973623,,1290.7838437286046,1233.8971250756003
11,128,4,626.5833332436159,632.5872396118939,646.5638021472842,,1288.0911249339988,1228.52862500622
11,128,5,627.414062502794,637.9401043523103,645.1106769964099,,1295.183593811089,1227.2434687474743
11,128,6,625.3593750298023,635.3085937444121,645.2343749115244,,1290.8762813594876,1226.0051875045974
11,128,7,627.4999999441206,633.2057291874662,645.9856771398336,,1288.2968750318469,1219.575531308692
11,128,8,624.8593749478459,638.1979166762903,648.1588542228565,,1293.3242187500582,1224.4882813092772
15,128,0,627.7356770588085,632.8945312416181,644.5559896528721,,1291.406249947613,1217.5742186855132
15,128,1,629.8606769414619,637.1627603657544,645.6380208255723,,1274.2864687425026,1202.3164061929492
15,128,2,629.8072916688398,631.60677079577,647.1770831849426,,1271.0416875734154,1222.322937564968
15,128,3,627.841145847924,638.9895832398906,644.860677071847,,1292.6810001090416,1201.8372187867499
15,128,4,629.1184894507751,632.7174480538815,645.3177083749324,,1280.470031247205,1215.86587499678
15,128,5,627.2174478508532,642.7369792945683,643.2291667442769,,1279.9453124898719,1216.8060000021796
15,128,6,626.8398438114673,637.95442704577,645.9492187714204,,1302.410156199585,1217.2044374665347
15,128,7,629.6588541008532,635.0963540608063,642.7552084205672,,1293.4231561985143,1233.416656305053
15,128,8,626.4817708870396,633.9700520038605,646.7825520085171,,1292.911468794955,1217.8099061657122
19,128,0,628.7460937164724,634.2330729821697,648.1106771389022,,1290.8176875043864,1228.545562526051
19,128,1,628.2812500139698,636.7109374841675,646.8658853555098,,1294.0976562276774,1231.6301874761848
19,128,2,625.7434895960614,636.0585937509313,647.5703124888241,,1292.9518125019968,1219.7265624536158
19,128,3,630.1432291511446,634.0065106051043,646.9661457231268,,1292.177062509836,1224.7226561612479
19,128,4,627.6627605548128,639.1432291129604,645.6640624674037,,1289.5117187099459,1218.8476563324002
19,128,5,626.8580729374662,633.214843692258,648.1106770224869,,1290.8867187206852,1227.8515624757347
19,128,6,627.0156250102445,633.3476562285796,647.0468749757856,,1288.0520937414985,1221.5169062983477
19,128,7,627.3372394498438,634.9570312304422,645.6940105417743,,1294.4036561748362,1226.1562500270884
19,128,8,628.5976562649012,632.6653645373881,646.1679687490687,,1306.5690000075847,1236.4583437829424
23,128,0,653.8528645178303,640.5559896957129,663.5065104346722,,1304.1705936984727,1271.2929686813368
23,128,1,628.0195312574506,633.4947916911915,646.457031252794,,1316.1145938056507,1230.2578124945285
23,128,2,631.0520833358169,661.3151041092351,682.776041678153,,1310.403656248127,1237.3958437592592
23,128,3,627.0859374199063,636.5794271696359,653.5234375623986,,1304.0963436878883,1233.153624980332
23,128,4,653.7695312872529,641.1497395019978,646.2005208013579,,1306.1692812925685,1211.9700312496207
23,128,5,652.286458411254,635.2903646184132,649.8346354346722,,1297.1927187663823,1210.0312499114807
23,128,6,651.5638021519408,639.7044269833714,765.9830729244277,,1291.8945312776486,1228.7317812251786
23,128,7,671.8671874841675,689.5013019675389,651.2552084168419,,1359.8476562037831,1410.8997499988618
23,128,8,653.0234374804422,723.244791617617,682.9335937509313,,1340.5690000354298,1255.167968679416
27,128,0,629.3658853974193,641.0690103657544,644.8190102819353,,1289.066406229722,1218.4023437384894
27,128,1,629.2734374292195,637.6367188058794,646.6940104728565,,1291.2070311585921,1218.4296875830114
27,128,2,630.8697916101664,635.4218749329448,646.929687471129,,1292.699218765847,1214.5781249728316
27,128,3,662.929687416181,650.0130209606141,697.4218749674037,,1338.4830937184233,1221.0572812136888
27,128,4,644.2369790747762,651.7317709513009,671.0716146044433,,1296.001281275494,1243.553374933981
27,128,5,640.4322916641831,656.1705728527158,660.1145832100883,,1298.822906278474,1241.0169375698388
27,128,6,772.2591144265607,737.0234375121072,744.5664062397555,,1298.9479374709845,1233.3476562389478
27,128,7,701.4335937565193,702.7291667181998,682.4830728583038,,1374.8854062214377,1344.7825624552934
27,128,8,694.666666793637,683.5755208740011,731.6497394349426,,1339.9088437608953,1277.2005312626789
31,128,0,712.545572896488,694.5065105101094,743.322916678153,,1457.5481875453988,1386.9505312413821
31,128,1,718.651041854173,725.613281247206,735.7408853713423,,1402.8072812379833,1367.0898437112555
31,128,2,715.6002605333924,717.4934896174818,717.8932290989906,,1425.1237187181687,1380.6275936758539
31,128,3,714.0078125521541,709.3033853452653,738.9895833330229,,1413.7825625084588,1353.757812580625
31,128,4,732.0117187919095,735.0846353219822,741.2630209000781,,1399.134093730936,1344.5208437588008
31,128,5,724.5299478527158,709.3619792722166,732.2161457268521,,1428.4700624784819,1374.0950312239875
31,128,6,707.1653645252809,717.0325519982725,712.2578124981374,,1441.9986874827373,1374.6783749866154
31,128,7,714.4296874757856,665.0299478787929,679.2630208656192,,1331.7161249233322,1290.2122499554025
31,128,8,663.1601563422009,667.8281250642613,680.6627603946254,,1306.8802187490292,1272.2369687026003
35,128,0,631.4401043346152,634.7447916632518,649.067708174698,,1290.3034062219376,1233.2252499618335
35,128,1,628.6653646966442,633.8580728042871,649.0481771761551,,1292.0468750508007,1224.402343723341
35,128,2,628.0520833097398,636.3124999916181,645.9375000558794,,1291.3255312696492,1219.2291562769242
35,128,3,629.552083206363,636.0976562136784,646.8476562295109,,1288.792968693997,1224.0026250083247
35,128,4,684.1158855240792,651.339843752794,649.3580729002133,,1358.0833438027184,1218.5012813006324
35,128,5,660.1471353787929,666.5208333870396,703.7552082911134,,1329.3502812530278,1274.2643125420727
35,128,6,656.2838542740792,661.278645740822,690.0312500074506,,1329.7903749389661,1279.7213437352184
35,128,7,632.3463540757075,681.7330728517845,668.3958333451301,,1320.2122499933466,1282.1809999650213
35,128,8,683.4674478741363,686.2252604914829,651.9648437388241,,1305.0716249836114,1280.8515624556094
39,128,0,631.5494790906087,634.4492187490687,647.8828125400469,,1294.1965936761335,1224.9830624568858
39,128,1,629.3841145234182,635.2226563030854,646.3945312425494,,1291.656250032247,1219.3906250104192
39,128,2,628.5963541595265,634.6966145792976,646.7734375037253,,1293.1914062619398,1228.3098749321653
39,128,3,630.843749968335,687.686197925359,648.8059895345941,,1294.933593726455,1292.725281246021
39,128,4,669.9401041259989,665.9544270951301,661.8033853592351,,1329.9843750473883,1309.9804688181393
39,128,5,661.477864603512,660.3971354197711,670.3776043141261,,1328.3476562264696,1277.4075624975012
39,128,6,658.2708333153278,661.2877604784444,673.7630208954215,,1325.6901249860675,1265.0130312295005
39,128,7,663.8854166958481,661.5585937397555,679.5807291055098,,1333.105468802387,1269.039062549382
39,128,8,631.2630207976326,637.0390624506399,654.8802083125338,,1297.135406275629,1230.421874993226
43,128,0,629.7278645215556,632.1341146249324,648.9869791548699,,1288.2617187415235,1229.9778749138568
43,128,1,628.2656249823049,631.863281247206,647.7565104141831,,1288.9882812032738,1219.997406224138
43,128,2,626.9778646528721,636.0208332771435,647.8242187295109,,1290.2408750505856,1225.2448125309456
43,128,3,629.4726561754942,664.0403646742925,646.957031218335,,1422.830718752266,1225.001281227378
43,128,4,655.4895833833143,671.1289061931893,680.4843749850988,,1354.8880000371355,1266.0403749578109
43,128,5,667.2812500037253,668.830729322508,675.264322781004,,1332.450531322138,1270.4075625151745
43,128,6,659.0677084168419,659.6848958870396,676.6979167005047,,1336.5520625256977,1268.33334377352
43,128,7,656.7252604290843,662.125000031665,674.7682292480022,,1329.6692811763933,1360.917968781905
43,128,8,627.770833321847,635.2382813347504,651.2421875959262,,1301.3164062840588,1227.0768437474544
47,128,0,629.8958333209157,659.1510416474193,656.2408854952082,,1289.231781242961,1218.397156321771
47,128,1,661.1666666576639,646.9648437341675,678.9361978881061,,1379.6861875334798,1286.399750028977
47,128,2,693.2916665682569,715.7513020792976,738.6953125242144,,1407.0937500036962,1372.9388125511832
47,128,3,702.5000000139698,713.4231770178303,731.1263021547347,,1424.4739375044446,1332.808593815571
47,128,4,657.4752603191882,664.6705730818212,679.2395833181217,,1335.5234375467262,1296.3502499587776
47,128,5,655.5572916986421,660.1236978312954,682.9934895504266,,1344.6302187958281,1277.5299375107352
47,128,6,629.7174477949739,637.407551985234,676.49869795423,,1334.9974062748515,1289.2551875438585
47,128,7,631.6406249534339,662.5716146081686,652.4231771472842,,1296.3229063416293,1229.6302187451147
47,128,8,627.8476561419666,631.2643230194226,654.2187499580905,,1291.2578124542051,1236.5039062842698
51,128,0,686.6783853620291,635.0976562825963,650.1406249590218,,1291.1887812379064,1219.7903437254354
51,128,1,638.6054687900469,662.9869791213423,679.7070312313735,,1349.123687532483,1279.7630313343689
51,128,2,656.1236978741363,663.3190102875233,678.5195312695578,,1320.6744999934017,1268.106781253664
51,128,3,635.2447916287929,633.416666649282,683.9752603555098,,1293.0859375046566,1263.233062445579
51,128,4,629.4023436494172,633.660156163387,650.7760416716337,,1293.2447812090686,1221.6900937573882
51,128,5,626.2695313198492,635.0325520616025,649.7447916772217,,1295.852843782086,1219.7278749681573
51,128,6,626.9765625474975,636.4700520643964,649.9856770969927,,1293.305999979566,1238.4101562474825
51,128,7,625.7460936903954,635.0781249348074,685.3971353266388,,1294.9492187317446,1221.48696880231
51,128,8,629.7317708376795,633.4557292284444,651.5325520886108,,1295.9752499455135,1226.5351563200966
55,128,0,657.7369790757075,664.0950520522892,683.6731770308688,,1337.444000000687,1269.9283749952883
55,128,1,628.7552083376795,632.9075520625338,674.1575519554317,,1296.1614687583278,1213.7604062445462
55,128,2,628.4544271184132,631.1979165766388,654.611979261972,,1293.3007811852804,1246.0924374408933
55,128,3,628.5572916967794,630.5872396333143,646.7747396090999,,1295.9453125631626,1220.2083437387046
55,128,4,627.3632812080905,633.0911458935589,645.1302083441988,,1292.1653437842906,1217.9374999732318
55,128,5,645.9283854346722,631.2213541241363,660.5390624608845,,1289.0807500980372,1230.3177187504843
55,128,6,637.1692707762122,633.2890625344589,648.4492187155411,,1292.941406177306,1221.9895937732872
55,128,7,625.5364582175389,631.6171874059364,647.1536457538605,,1286.795562464249,1213.7617187590877
55,128,8,626.2526042992249,632.8411458525807,646.7018228722736,,1287.1236874616443,1222.7890624672
59,128,0,651.0338542284444,663.0377604160458,672.5390625651926,,1327.10678121839,1281.3645937512774
59,128,1,628.8554688217118,636.0976562136784,646.8138021882623,,1291.0195313224904,1239.8346250392933
59,128,2,626.7565103480592,633.6158853955567,646.3333333376795,,1288.111968733574,1219.8059999946054
59,128,3,633.9999999618158,634.4322917284444,649.1588542703539,,1288.1145624987766,1239.4622500551122
59,128,4,627.4348958395422,634.9739583674818,647.5377603201196,,1294.2474062356268,1208.2083125051213
59,128,5,627.5221353862435,632.5442707166076,649.7812500456348,,1308.0507812901487,1214.5325312076238
59,128,6,626.0585937416181,643.6341146472842,647.7526042144746,,1297.1015624998472,1229.0872186895285
59,128,7,628.2330729300156,634.1549479402602,646.170572959818,,1289.0182188129984,1223.263000042607
59,128,8,714.8841145681217,700.5130207398906,705.1901043159887,,1431.4192812889814,1256.3476562945652
63,128,0,646.3593749795109,672.3828124813735,726.8789062509313,,1351.3112187411025,1278.8476562946016
63,128,1,691.350260283798,668.082031304948,690.5416665831581,,1315.4453125707732,1298.8815000198883
63,128,2,643.8346354989335,643.1783854495734,661.5716145606712,,1292.2174374807582,1239.4635313057734
63,128,3,640.0351562770084,647.617187583819,667.162760393694,,1296.9895625474237,1226.5416562513565
63,128,4,634.9921874934807,635.1445312611759,645.8971353713423,,1293.9791874941875,1216.3971562131337
63,128,5,631.0455730417743,635.3632813552395,645.4999999841675,,1295.4205936921426,1218.256500010284
63,128,6,629.2955729877576,666.6835937649012,644.8619790608063,,1297.8567500567806,1225.8541562459868
63,128,7,627.6744791539386,635.3763020597398,645.8346354775131,,1287.68881245378,1215.9166562923929
63,128,8,631.0950522311032,636.3216146128252,645.5585937947035,,1290.5533749290043,1223.087218704677
3,4096,0,927.2174478974193,983.7356770876795,989.2955729737878,1004.7213542275131,1653.0000000329892,1527.8242186695934
3,4096,1,920.5286458600312,966.6770834010094,964.6302082110196,962.8138020634651,1635.671874964828,1553.6718749444844
3,4096,2,926.7343750689179,966.3333334028721,936.7291665403172,979.2135416064411,1655.2825312601271,1569.6250000019063
3,4096,3,936.8033853825182,952.0442708162591,991.0156250698492,977.4908855324611,1588.0989375318677,1457.091125075749
3,4096,4,851.5520833898336,889.5104165421799,881.8437500158325,893.7526041409001,1516.6653749929537,1455.075499961822
3,4096,5,850.2473958069459,889.5833333954215,882.4765625176951,896.5403645997867,1557.3685000163096,1455.7942812416513
3,4096,6,851.7226562835276,889.7057292051613,882.4674480129033,893.4440102893859,1531.3749998995263,1446.3372186810375
3,4096,7,849.3802084121853,887.3476563021541,884.0559895616025,895.5195313319564,1525.3398437380383,1452.8190312148581
3,4096,8,849.9622395029292,886.7304687155411,880.859375,896.4192708954215,1521.2864686873218,1455.209624964482
3,8192,0,1111.1067708116025,1138.3372395066544,1146.542968810536,1161.1705728573725,1831.898437444579,1781.686187541709
3,8192,1,1105.5286459159106,1138.4934897068888,1151.8320312025025,1166.0078124841675,1827.9414061908028,1793.2929687276555
3,8192,2,1108.1341145327315,1140.3085937490687,1143.152343807742,1176.1770832818002,1827.3203126000226,1777.212249976401
3,8192,3,1115.207031252794,1144.880208419636,1145.8658854244277,1170.9882812574506,1825.4804688240256,1786.894531278449
3,8192,4,1079.4270833721384,1143.967448035255,1115.0559895904735,1141.1796875763685,1819.5638124325342,1747.466156189148
3,8192,5,1079.9765625270084,1106.9791667396203,1121.3424479356036,1135.7877604896203,1784.098968755643,1741.585937452328
3,8192,6,1085.4661457706243,1122.082031215541,1116.2304687313735,1149.0611979970708,1819.8671874642969,1725.2057499490547
3,8192,7,1111.8359374813735,1106.9257812341675,1113.0364583805203,1139.028645819053,1806.5286561750327,1763.0638125183395
3,8192,8,1079.4869791716337,1110.9192708972842,1113.0585937062278,1150.041666580364,1774.8971250739487,1748.884125049699
7,4096,0,848.9700520876795,884.8619791679084,878.1848958460614,887.5742186792195,1516.8736874784372,1447.3554687128853
7,4096,1,848.0677083134651,886.7382812313735,876.7174478853121,885.8372396789491,1519.305999977405,1442.2135312770479
7,4096,2,847.613281221129,881.8867187947035,878.3671875717118,886.2799480557442,1516.7994687317332,1448.3281249795255
7,4096,3,848.7929687835276,883.2096353871748,879.9583333311602,888.3776041911915,1525.9921874530846,1460.5742187541182
7,4096,4,851.3216145802289,886.0091144451872,877.7695312164724,887.3190104495734,1515.10678131217,1447.476562589145
7,4096,5,852.0520833553746,885.2877605240792,881.8710937630385,887.4388021649793,1515.5507812778524,1447.2083124701385
7,4096,6,848.0507811764255,885.7356769731268,878.5169271286577,885.197916533798,1514.2916562354003,1447.8372499979741
7,4096,7,848.3476561959833,886.2174479290843,877.1770833991468,888.4830728638917,1516.4075625762052,1446.2851562484502
7,4096,8,846.9583333935589,884.7252605482936,878.860677126795,885.9843750251457,1524.238281263024,1448.7096250377363
7,8192,0,1060.848958324641,1097.415364580229,1096.8619792256504,1117.0299478108063,1784.0560000195183,1725.0677187803376
7,8192,1,1063.1575521547347,1108.6979166138917,1095.371093833819,1119.4140624720603,1779.3059687392088,1727.6926874956189
7,8192,2,1061.8450521724299,1095.9856769768521,1094.2500000819564,1120.8385415375233,1778.4114376127036,1726.7096562818551
7,8192,3,1061.7473958991468,1096.5299479430541,1094.6549478685483,1116.5078125195578,1773.1054687146752,1722.766937518827
7,8192,4,1061.5651041734964,1095.8059895783663,1093.9427082194015,1118.6874998966232,1763.8229062413302,1715.1705625337854
7,8192,5,1060.8411459252238,1094.4869790691882,1093.3059896342456,1116.141927195713,1773.050781253005,1720.1340937162968
7,8192,6,1061.3723958376795,1093.8372396631166,1095.218750066124,1119.268229114823,1774.0794374958568,1726.0390625324362
7,8192,7,1061.4114583004266,1094.628906226717,1093.529947916977,1123.895833385177,1774.3255313007467,1718.4375000169894
7,8192,8,1061.6171874571592,1095.4739584121853,1095.5078124534339,1117.7291666390374,1776.5794375463884,1725.5273437513097
11,4096,0,852.1549478173256,886.1927083926275,881.2486979877576,889.6888020681217,1535.084624947558,1445.673187504326
11,4096,1,852.3085938068107,885.9179686987773,880.8216146426275,888.3593749487773,1524.1992188066433,1457.9010312445462
11,4096,2,855.1080729812384,886.9739583460614,878.1328125623986,886.8281249888241,1532.6796875569926,1447.8333124543497
11,4096,3,849.5078125270084,885.7109374366701,881.7031249636784,888.1315103499219,1518.0312499296633,1441.7994999575967
11,4096,4,850.1796874916181,887.9427083302289,882.0208333199844,888.8697915244848,1519.0026249456423,1443.8997187653513
11,4096,5,851.7591144191101,887.8515624674037,882.1692707715556,886.9492186931893,1523.2552187853798,1447.9062499503925
11,4096,6,851.9921875558794,885.8802083414048,879.537760396488,886.8229165673256,1515.8320311456919,1450.244781267429
11,4096,7,850.9114583721384,884.1080728452653,879.6523438068107,885.9505207510665,1528.364562545903,1447.2981875996993
11,4096,8,850.4765623947605,887.164062471129,880.2643228555098,888.1210937397555,1535.061187496467,1445.933593799964
11,8192,0,1067.798177129589,1096.9010415719822,1097.341145738028,1118.19401034154,1770.3046875112705,1722.3007812390279
11,8192,1,1067.789062508382,1096.9244791194797,1095.903645735234,1118.9023437909782,1771.200531266004,1721.4322812151295
11,8192,2,1066.9466145336628,1096.552083385177,1096.5690105222166,1119.9531250167638,1766.506500075593,1719.8020937030378
11,8192,3,1066.8919270392507,1097.9492187034339,1096.5013020904735,1118.68359381333,1769.451843756542,1729.4531251081935
11,8192,4,1065.037760301493,1097.3971353378147,1095.528645790182,1119.2877603461966,1762.3073124468647,1722.4439999381502
11,8192,5,1066.2994792219251,1095.6888019572943,1099.8541666194797,1117.1979167265818,1760.8997500246915,1722.639312447427
11,8192,6,1064.8684895131737,1096.6992187313735,1095.6093750428408,1119.3997396621853,1775.8150937652317,1721.4335938433578
11,8192,7,1069.2955730482936,1095.2460936969146,1095.6653646426275,1117.9921875009313,1766.1627499592214,1727.6224062925394
11,8192,8,1066.9752605026588,1096.334635396488,1097.59505209513,1118.9140625065193,1771.1979375008013,1724.6080624317983
15,4096,0,854.4908853946254,887.7903645625338,883.4270833758637,892.2578124329448,1525.569000023097,1446.429687462114
15,4096,1,853.1575521919876,885.3632812388241,880.2760415710509,896.8320311978459,1526.5260311707607,1448.8619686972015
15,4096,2,852.2773437434807,884.0729165822268,879.7812500270084,892.0976562658325,1523.2539062708383,1438.7682186907114
15,4096,3,851.4622395159677,885.0117187248543,881.1510417144746,891.3437499431893,1520.1953125369982,1449.433593734284
15,4096,4,852.6132812257856,888.2955729495734,880.5963541381061,893.5690104262903,1528.2070312423457,1452.8919374470206
15,4096,5,853.674479178153,887.0598957873881,879.0911458199844,890.2942709391937,1529.9439999125752,1443.8919375834303
15,4096,6,853.704427019693,887.5768228899688,881.6184896277264,891.5221353527158,1510.1328125410873,1449.35937498758
15,4096,7,852.2942708805203,884.8867187043652,879.5520833227783,890.7994790934026,1528.376312421642,1447.805999987395
15,4096,8,853.6562500521541,884.2174479505047,879.5533853117377,891.8450521305203,1522.796875065069,1447.4257811798452
15,8192,0,1066.2382813170552,1096.8151041306555,1097.3841146333143,1122.0247395103797,1771.7551875193749,1732.3815312693114
15,8192,1,1067.946614464745,1097.8398437146097,1099.4218749692664,1122.1992187201977,1771.1966249862598,1722.0117186980133
15,8192,2,1068.169270758517,1097.2148437285796,1096.8606770038605,1122.4401041399688,1770.5585937619617,1716.2955625735776
15,8192,3,1067.2604165738449,1098.4843750484288,1096.3346355129033,1121.0859374841675,1777.0924374644892,1724.3254999357305
15,8192,4,1065.0950520066544,1095.7773437257856,1097.1562499180436,1123.135416652076,1772.5338437912797,1719.4075625184269
15,8192,5,1065.85677084513,1097.3919270327315,1097.7760415989906,1122.9231770848855,1779.2135312220125,1717.1887811855413
15,8192,6,1065.5312499729916,1096.205729059875,1100.5117187742144,1122.225260362029,1777.688812580891,1725.8268437672086
15,8192,7,1074.0755209699273,1100.8437499403954,1097.2981771919876,1138.4453125065193,1779.221343667814,1702.1185000203332
15,8192,8,1065.9101563505828,1097.9765625670552,1096.4856770588085,1125.018229125999,1816.9283749784881,1725.9687499517895
19,4096,0,851.7434896202758,885.8020834159106,876.7721354961395,898.7695312825963,1523.8593749700158,1452.009125046061
19,4096,1,849.7578124515712,890.0559896137565,878.0690104467794,893.7591146677732,1527.279937477033,1450.3632812647993
19,4096,2,851.6796875046566,889.3333333544433,874.6184896444902,893.6393230687827,1526.0572812394457,1446.7513125282494
19,4096,3,852.7916666353121,888.4205729700625,875.3085937350988,894.4661457790062,1525.5351562473152,1443.8958437494875
19,4096,4,851.4374999795109,887.2513021342456,877.1041666623205,892.4947917694226,1526.9153749386533,1448.5416562592945
19,4096,5,851.6575520625338,889.6523436997086,876.6432291595265,894.7421875782311,1522.722656204678,1449.1927187236797
19,4096,6,851.3854166958481,888.3880206849426,876.5481770969927,894.2695312434807,1529.3958125539575,1452.2135312518003
19,4096,7,850.167968776077,888.5598956840113,878.4869792871177,894.0208331914619,1525.6953124662687,1450.0572813176404
19,4096,8,849.5442708954215,885.9036458889022,876.7708332743496,894.992187502794,1532.6666562032187,1444.6249999764404
19,8192,0,1067.0468750176951,1097.786458209157,1092.977864551358,1124.4466144125909,1774.2265624747233,1716.2604062832543
19,8192,1,1067.7929687080905,1098.5690103843808,1092.2942708712071,1125.3710937453434,1774.4453124350912,1722.1953124817446
19,8192,2,1066.1393230548128,1101.0403647087514,1095.0768229085952,1127.3515624925494,1773.0963437543323,1724.6484375164073
19,8192,3,1065.8242186764255,1098.54166675359,1094.0286458935589,1125.527343712747,1778.2981875598125,1731.7291874405782
19,8192,4,1069.9570311699063,1096.9596353825182,1094.0768228610978,1126.1302083730698,1772.9596249864699,1732.8854062270693
19,8192,5,1065.8124999608845,1103.4557290840894,1093.286458402872,1127.1536458516493,1789.8932187563332,1727.4739374215642
19,8192,6,1066.2304686848074,1104.2630209121853,1095.071614603512,1124.3294270243496,1787.6562500305226,1726.786468680075
19,8192,7,1068.0026042973623,1101.5716146212071,1104.2955728480592,1131.0846355045214,1814.1080624900496,1748.063812556211
19,8192,8,1066.503906273283,1098.2721354812384,1095.432291738689,1125.00130222179,1809.8033749538445,1728.1041563137478
23,4096,0,852.8164061717689,886.7096354952082,882.6744791585952,888.0364582873881,1529.0911562715337,1450.966156312461
23,4096,1,852.4023437639698,887.8359375521541,883.8854165514931,890.493489569053,1536.5689999953247,1449.7630312462206
23,4096,2,853.8828125456348,888.5429687798023,885.5078124906868,889.2903645755723,1533.6171875333093,1443.868468754772
23,4096,3,856.045572902076,888.485677074641,885.1666665868834,891.0065104719251,1537.8515624888678,1455.6692811993344
23,4096,4,852.9036459513009,887.0950521668419,889.5559896482155,894.704426988028,1534.480468762922,1454.8437500252476
23,4096,5,854.6028644777834,889.4570312695578,886.4700520643964,891.9947918038815,1542.7083125132413,1457.7864687908004
23,4096,6,851.9296874292195,887.5898437108845,885.7747394358739,895.8710937295109,1549.62368753786,1451.8554687583674
23,4096,7,856.6770831821486,888.1796875502914,891.3242187118158,890.726562589407,1554.6679687759024,1450.3215936656488
23,4096,8,859.7565104719251,888.5729167377576,892.6927082939073,893.1679687229916,1547.8046874477513,1462.2265624666397
23,8192,0,1068.6028646305203,1099.520833347924,1104.2643229011446,1118.9596354961395,1783.4036561907851,1739.2174687529405
23,8192,1,1068.7109373975545,1098.9179688040167,1100.661458214745,1122.182291583158,1796.6861875038376,1742.4310000251353
23,8192,2,1081.558593781665,1106.412760564126,1104.0494792396203,1128.5937500651926,1821.4700625094338,1739.1458125075587
23,8192,3,1082.9882812686265,1101.5924479579553,1104.8710937611759,1126.3932291185483,1831.6927187242982,1744.0117187561555
23,8192,4,1077.044270816259,1107.0429687388241,1114.3020833842456,1135.5950521538034,1852.020843784885,1742.5117187030992
23,8192,5,1076.7916665645316,1117.7122396184132,1113.3072916418314,1130.6822915794328,1832.0338436979,1752.3763125382175
23,8192,6,1077.9778646538034,1109.0598958544433,1116.2695311941206,1148.8697917666286,1852.6887812413406,1762.7161562359106
23,8192,7,1080.691406270489,1114.0585937537253,1119.5950519759208,1133.9752603089437,1844.9127500161921,1761.6380312119873
23,8192,8,1091.6770832845941,1115.8125000074506,1124.1458331933245,1141.009114566259,1850.0585937317737,1795.816406229278
27,4096,0,853.25651045423,886.5820312639698,881.8893230054528,889.5533853210509,1521.730468766691,1452.2773437875003
27,4096,1,854.433593689464,891.1223958712071,884.4882813282311,887.3463540803641,1534.884124907876,1451.8176875526478
27,4096,2,853.7851562723517,891.3580728694797,886.7851562099531,890.4908853583038,1537.3099063253903,1449.494781240901
27,4096,3,853.7382812937722,887.826822930947,884.5885418122634,894.8281250195578,1559.1237187209117,1448.839843760652
27,4096,4,865.0429687695578,897.8385417722166,890.6171874841675,896.4101562742144,1559.5299688584419,1476.5169374868492
27,4096,5,859.6705729141831,898.0989584233612,895.578125026077,901.4960937201977,1559.264312504638,1463.5143437544684
27,4096,6,862.005208269693,901.3372395420447,899.1158854914829,900.6692707771435,1557.134125050652,1483.5442499361307
27,4096,7,869.3789063254371,901.0273437015712,890.0312499608845,909.1158855007961,1569.5364687644542,1482.4700624558318
27,4096,8,865.4869790188968,909.3854166567326,899.8528645606712,908.5625000298023,1575.9492188180957,1491.359374995227
27,8192,0,1075.2552084159106,1111.1054687062278,1113.1093750009313,1128.2981770345941,1831.7838749908333,1756.5846562774823
27,8192,1,1078.12630222179,1114.3880208255723,1108.2343750167638,1129.997395677492,1816.638000036619,1750.4257812106516
27,8192,2,1077.062499942258,1120.7174480659887,1118.0481772171333,1128.7070312537253,1832.2916562283353,1756.0794375413025
27,8192,3,1075.2057291101664,1112.1809895848855,1113.1640624953434,1138.6132813058794,1843.2981875093901,1765.0169374974212
27,8192,4,1091.7747395578772,1132.739583379589,1120.0234374264255,1148.1731771491468,1862.2903749019315,1792.1015625006476
27,8192,5,1086.4544269861653,1128.1380208674818,1129.8346354160458,1148.8020834513009,1864.5455623982343,1791.1966250494515
27,8192,6,1089.717448106967,1130.4414061596617,1121.5794270392507,1149.1171874804422,1862.7291561870152,1806.4479062331884
27,8192,7,1100.2669271547347,1127.755208290182,1120.7669271389022,1155.3203124785796,1861.6914062477008,1805.723968800521
27,8192,8,1092.832031310536,1133.3841145969927,1130.9283855371177,1155.4075521416962,1871.289062478354,1818.334656263687
31,4096,0,851.4726562425494,895.2005208702758,880.4479165701196,893.899739603512,1522.3190312099177,1456.8945312021242
31,4096,1,852.6666667312384,893.0052084615454,888.15364590846,894.6393228834495,1529.7864688363916,1452.2135625156807
31,4096,2,855.3072917275131,898.2317708432674,886.1093750456348,896.6770834522322,1540.0872499640172,1467.7812499712672
31,4096,3,860.9674479812384,896.3151042116806,892.9687499767169,904.7018229030073,1548.704437482229,1472.6028438190042
31,4096,4,864.4453124143183,897.1393229439855,889.1210937872529,907.9322916222736,1560.8867187211217,1469.826812467545
31,4096,5,867.8802083013579,896.6380207566544,890.0755208451301,903.4752604784444,1579.0546875678046,1475.2499999985957
31,4096,6,862.6992187928408,901.4270834159106,890.2239582967013,905.447916709818,1568.0104374951043,1486.984374992062
31,4096,7,866.3567708572373,913.9361978741363,894.516927190125,909.1380208265036,1588.8138125319529,1479.903625067891
31,4096,8,876.4661458553746,914.2291666939855,901.6315104672685,912.0846354635432,1589.7526249091243,1498.979156281166
31,8192,0,1075.4179687937722,1107.8971355454996,1107.3346354532987,1140.7421875046566,1817.609375052598,1762.9544374813122
31,8192,1,1079.7526041278616,1114.0312500065193,1114.398437552154,1139.9791666772217,1839.7031249151041,1761.235687467888
31,8192,2,1076.083333347924,1119.445312418975,1118.2903645094484,1138.110677129589,1825.7057187156533,1787.5247500569458
31,8192,3,1083.9596354635432,1117.3046875046566,1121.4153646724299,1150.3802082734182,1845.9661249607962,1769.8867187618816
31,8192,4,1090.1940104085952,1120.462239603512,1117.0234375167638,1157.4544270988554,1847.6575623935787,1781.8150937500832
31,8192,5,1093.7421874841675,1125.3007812192664,1122.7239582221955,1155.2591145737097,1869.5090936944325,1797.183593794216
31,8192,6,1084.5963542815298,1122.2122395411134,1115.9583332482725,1158.7539062602445,1856.1992187642318,1807.6536563285117
31,8192,7,1097.1223957603797,1137.2434896184132,1128.6875000223517,1156.2721354421228,1884.957031165868,1805.7200312568966
31,8192,8,1100.287760491483,1132.7513019787148,1126.2356771621853,1151.6940103610978,1894.486968694764,1815.5794374479228
35,4096,0,852.9921874869615,891.8515625409782,878.6080728750676,891.6549478890374,1537.4518437738516,1456.4531250016444
35,4096,1,854.0416666073725,889.7630207939073,879.940104088746,893.3502603322268,1530.4153437227797,1449.70181258941
35,4096,2,855.959635344334,893.6080728890374,880.9557291679084,893.9414062770084,1535.5650937181053,1446.209656251085
35,4096,3,860.7135417405516,892.4309895373881,879.9270833842456,892.8815104300156,1535.1132811929347,1459.0885624556904
35,4096,4,861.7968750186265,900.7122395560145,885.0013019982725,902.0195312332362,1551.412750018244,1455.552062566312
35,4096,5,863.5026040719822,898.7721354933456,890.8111978089437,905.4882812779397,1551.8294375169717,1461.7499999758365
35,4096,6,873.2382813468575,895.3854166902602,887.2083333553746,930.7825519936159,1555.4557187442697,1529.2864375169302
35,4096,7,913.4218749823049,917.294270824641,911.9674479588866,932.2486978489906,1590.856781263028,1517.156249974505
35,4096,8,885.0520834093913,915.2643228881061,943.9101562602445,907.1276042377576,1612.0676875743811,1505.0794374928955
35,8192,0,1114.3997395411134,1177.8632812201977,1134.7578124841675,1165.845052106306,1838.4218749361025,1797.1315000977484
35,8192,1,1130.0091146258637,1147.7304687723517,1134.923176956363,1168.9661458367482,1873.6341249905308,1821.0507812455035
35,8192,2,1116.8515625176951,1133.1315104616806,1131.7460937425494,1162.897135480307,1863.524749978751,1795.4257812107244
35,8192,3,1107.669270830229,1142.5338541157544,1140.325520769693,1161.6523436969146,1871.2096250510513,1825.1197811878228
35,8192,4,1121.7812499962747,1162.4361980939284,1171.7968749580905,1170.1953124720603,1901.8125000229702,1818.2226563112636
35,8192,5,1120.044270879589,1153.0507812276483,1151.882812497206,1167.7304686745629,1897.0976562968644,1820.5078124537977
35,8192,6,1126.4544271398336,1159.802083275281,1142.9856771137565,1172.1966144395992,1872.5299374864335,1835.1341250308906
35,8192,7,1126.3138022040948,1158.121093758382,1150.4166666418314,1172.7682292694226,1915.972656320264,1864.3398436779535
35,8192,8,1123.4453126089647,1155.3645833628252,1149.9544271500781,1185.9609375242144,1903.563812561515,1819.997375037019
39,4096,0,856.4088541315868,910.3880209149793,910.2382812416181,914.0729166101664,1561.5208125154822,1477.9635625927767
39,4096,1,856.6549479728565,914.2382813151926,905.7708333712071,914.4739584298804,1551.2799686803191,1488.3541563222025
39,4096,2,875.7695312378928,916.9010416371748,906.5143228508532,911.419270792976,1573.2239687622496,1475.0664062148644
39,4096,3,879.3372395448387,921.2304687825963,902.9492187546566,912.9856770159677,1577.3489687944675,1506.8580624983952
39,4096,4,880.385416559875,916.6132812388241,906.9335937965661,920.8867186680436,1562.822906294059,1519.5221250223767
39,4096,5,881.7200519843027,917.1315105631948,994.0572916530073,900.7018229458481,1563.8945312730357,1489.9335936888747
39,4096,6,876.9570311997086,923.2747396454215,905.9257812332362,914.8177081951872,1561.6888125578043,1491.4557187921673
39,4096,7,880.7096354430541,922.0338540617377,904.342447873205,920.9049477940425,1593.0090937672503,1491.9348749344863
39,4096,8,914.4479166716337,929.4544269796461,908.3007812732831,922.5963542703539,1593.21353123687,1491.8763125706391
39,8192,0,1091.9596354942769,1126.6328124329448,1124.7213541064411,1145.3437500167638,1815.8515624691063,1794.2590937991554
39,8192,1,1090.5130207538605,1133.5390624590218,1123.5091146081686,1145.5143229104578,1842.0546874722277,1802.8775937182218
39,8192,2,1094.365885364823,1125.786458258517,1124.0403646370396,1145.1484374701977,1842.9557186436796,1781.2434687130008
39,8192,3,1094.671875005588,1134.1458332026377,1128.6705728853121,1150.3242187900469,1859.3919375007317,1784.0898437953
39,8192,4,1103.9205729030073,1138.7382813263685,1130.841145874001,1157.0859375642613,1839.656250012922,1799.2551873931006
39,8192,5,1101.421874947846,1134.7890625474975,1128.763020853512,1154.03776045423,1828.522156301915,1810.5976562310389
39,8192,6,1098.260416649282,1135.6640625745058,1144.0325521398336,1153.1627603108063,1833.2916562258106,1795.1080936882136
39,8192,7,1099.6901042526588,1137.1731770923361,1138.9778645243496,1152.789062471129,1870.7539062461365,1800.3411562403926
39,8192,8,1103.6653645569459,1136.49088551756,1137.713541625999,1165.3164062881842,1864.490875050251,1799.4218749208812
43,4096,0,859.5624999143183,915.3255206765607,905.1484374795109,907.2200520895422,1560.6705625259565,1486.539062511838
43,4096,1,877.138020703569,935.3854166110978,925.4127603489906,899.5403643930331,1543.8424375133764,1560.2252499320457
43,4096,2,903.9348957594484,971.9218750251457,930.7460937416181,933.2539062015712,1591.2304687617507,1544.9036250174686
43,4096,3,917.410156223923,938.8593749608845,941.3268228527158,944.8776041390374,1585.2409062517836,1556.6289063144723
43,4096,4,919.0234375419095,945.180989569053,942.7252603927627,934.9375000456348,1612.3567500017089,1530.9075624827528
43,4096,5,913.2812500465661,939.6263021044433,953.5195312928408,926.6536459326744,1575.0664061897623,1542.1979062466562
43,4096,6,907.6119791716337,935.8880207873881,930.7565105846152,934.2604165431112,1602.6757812142023,1521.3645937137699
43,4096,7,905.8567709289491,947.9075521230698,923.5950519796461,935.8385417144746,1585.1471250698523,1528.6067812212423
43,4096,8,905.7408854132518,954.7929686959833,942.9244791390374,924.5221354067326,1608.221343758487,1532.2734375331493
43,8192,0,1128.9960937574506,1123.5299478285015,1123.2734374934807,1179.156249971129,1969.0898437829674,1826.5025937580504
43,8192,1,1136.9114583358169,1198.1393228052184,1188.53645818308,1201.697916840203,2016.65884378599,1963.2578125765576
43,8192,2,1180.884114583023,1216.0429686773568,1209.3932291027158,1226.089843781665,2047.6666875310912,1985.5025936976745
43,8192,3,1181.2682292656973,1236.773437471129,1209.805989637971,1251.589843770489,2127.8841250023106,2008.5585938431905
43,8192,4,1204.36197926756,1235.9166665701196,1262.9023436456919,1254.9544271314517,2160.9960937212236,2039.0872500684054
43,8192,5,1210.3567708982155,1252.5247394805774,1251.3190103927627,1284.097656258382,2241.5664062691576,2101.251312524255
43,8192,6,1226.1263020336628,1272.1809895010665,1260.8658852986991,1295.092447893694,2270.5585937501382,2120.846374964458
43,8192,7,1242.5950521137565,1272.890624939464,1294.7421874850988,1304.5455729588866,2299.94531241573,2110.493500026678
43,8192,8,1244.596354314126,1279.8997395439073,1287.4440104933456,1330.968749942258,2292.7109374677457,2149.027343648413
47,4096,0,879.8658854793757,901.6210937406868,887.7591144992039,913.5625000344589,1567.2187500967993,1486.710937456337
47,4096,1,874.6028647292405,913.1848957622424,903.8307290757075,917.6380208227783,1547.1328124476713,1474.6692812650508
47,4096,2,876.7539062537253,899.4348957203329,904.9687499646097,913.6966145597398,1571.0768437884326,1487.0846250687464
47,4096,3,872.0885416259989,900.5664063151926,895.2070311643183,911.8203124962747,1561.6861875287213,1492.4492187446958
47,4096,4,872.5807293085381,910.5846354505047,908.9544271118939,909.194010309875,1554.0846250132745,1481.5039063478253
47,4096,5,871.2890625465661,912.1015624841675,907.3294270783663,913.7773438123986,1570.0846250865652,1471.2825312699351
47,4096,6,876.6276041278616,912.0911457575858,911.5416668355465,914.09244784154,1536.316406259175,1476.6002500437025
47,4096,7,865.2382811997086,913.9570312108845,899.7617186978459,906.9427083013579,1568.8320312392534,1472.2486874916285
47,4096,8,886.4140624646097,935.9908853657544,923.6328125698492,925.9322916623205,1575.0611875091636,1491.8632813305521
47,8192,0,1108.4401041734964,1162.1783854207024,1158.9882812695578,1152.5546874618158,1910.4374999869833,1901.7760624819857
47,8192,1,1146.7330729356036,1181.5273438114673,1169.9322916101664,1191.89453125,1953.3150937149912,1923.0911250360805
47,8192,2,1149.050781270489,1193.4609374729916,1186.1523437546566,1216.0546875093132,2015.5078124162173,1941.8841250171681
47,8192,3,1166.1419271258637,1208.6835937807336,1207.2304687462747,1228.9817709242925,2104.529937582811,1975.2460937070282
47,8192,4,1201.5182290924713,1222.470052074641,1230.098958243616,1260.1888021454215,2124.1979062551763,2011.2382812840224
47,8192,5,1208.3333332557231,1242.1875,1249.6210937388241,1247.0846354262903,2105.509125044591,2054.13150001732
47,8192,6,1280.4335937835276,1370.9739582845941,1298.5208333702758,1429.8567707883194,2176.1393124961614,2179.696593771041
47,8192,7,1403.4296874888241,1386.5989584010094,1291.1953123984858,1456.0195312369615,2611.7187499039574,2370.022124978277
47,8192,8,1276.739583350718,1276.9635417498648,1277.332031284459,1321.0937500698492,2268.1119687604223,2120.0976563022778
51,4096,0,852.4036458693445,885.9270833199844,876.8307291902602,894.720052019693,1525.5117186825373,1456.975249993775
51,4096,1,850.6914062891155,887.7578123938292,878.1341145513579,889.0572915552184,1512.3606875704354,1449.686218734314
51,4096,2,851.1523437919095,888.0924478871748,877.0898437360302,888.0638019181788,1506.2877499758542,1446.05468744885
51,4096,3,851.0169270448387,888.9427083777264,879.1028645355254,888.498698011972,1518.351562594944,1445.846343813173
51,4096,4,848.8085938151926,888.5169271379709,877.5572917656973,889.5585937425494,1522.1809687773202,1450.3958125260397
51,4096,5,850.988281192258,887.6731769414619,877.6601562276483,889.5013020373881,1506.7773437067444,1453.6184687585774
51,4096,6,851.028645876795,888.6250000214204,876.6588543076068,889.2565104179084,1516.7565312594888,1446.0937500189175
51,4096,7,859.6380207454786,896.6380207566544,889.2747395439073,890.8619791036472,1603.2773437473224,1478.7799686928338
51,4096,8,880.9570312732831,915.8346353797242,899.4648437947035,923.0247396044433,1638.5559999889665,1556.48306247258
51,8192,0,1125.0286458525807,1138.7942709261551,1134.1979167191312,1177.4153646547347,1984.4908749746537,1875.3138124338875
51,8192,1,1126.3671875931323,1174.587239511311,1157.6653645606712,1202.1653646370396,2023.0494999395887,1950.526031237132
51,8192,2,1158.0078124534339,1200.8124999701977,1173.3776041073725,1228.6106771789491,2095.3880000433855,1968.842437463536
51,8192,3,1166.4752605138347,1222.4726562853903,1202.1614583209157,1226.6289063263685,2131.4908750582617,1998.078124984204
51,8192,4,1185.7526041567326,1226.178385433741,1217.761718784459,1280.1171875325963,2213.7539061759526,2058.7903750310943
51,8192,5,1237.1575521538034,1259.7682292107493,1254.5950521016493,1279.1315105278045,2283.001281170982,2096.899749972181
51,8192,6,1229.7096353722736,1271.4036458637565,1278.1705729430541,1305.2200521342456,2300.595031329067,2143.9114686927496
51,8192,7,1246.377604198642,1281.203124905005,1278.6341146565974,1317.2864583320916,2352.666687443161,2173.5234374773427
51,8192,8,1254.4882812071592,1290.7044271705672,1287.2226561885327,1331.8958332529292,2383.641937512948,2194.3814999758615
55,4096,0,853.4596354002133,886.6614582948387,881.3333332072943,888.8554687146097,1526.8489374875571,1447.7330937552324
55,4096,1,852.1874999860302,889.3697917228565,879.796874942258,891.7916666250676,1526.8685000364712,1447.1145937022811
55,4096,2,852.1575520280749,890.2109374757856,880.5520833702758,891.5208333637565,1529.9739375222998,1453.7135624550501
55,4096,3,850.4010415636003,889.6627604262903,880.5651041911915,889.5429687108845,1531.1744687096507,1452.0338438615
55,4096,4,852.3164062062278,888.787760399282,881.1940104933456,891.0143229877576,1528.3710937410433,1455.0052187587426
55,4096,5,852.2278646705672,890.7903645886108,881.3268230296671,889.4687499850988,1541.9557187215105,1467.9270624355922
55,4096,6,878.072916646488,905.300781247206,901.7369792563841,916.5364584187046,1615.0273437460783,1491.2304687868527
55,4096,7,892.0117187080905,930.7539062574506,906.2591145047918,927.5416666641831,1664.47656249602,1602.7734375256841
55,4096,8,887.638020911254,929.6484375372529,921.7786458320916,932.5989583740011,1717.0924375022878,1613.5390625322543
55,8192,0,1147.8841146454215,1181.656250031665,1163.51302084513,1198.4140624990687,2016.0625000471555,1917.4296875235086
55,8192,1,1169.4908854551613,1199.8789062490687,1188.1210937863216,1238.7552083237097,2100.783843729914,1977.2148436913994
55,8192,2,1187.057291623205,1223.2890625018626,1221.631510532461,1252.216145861894,2133.436187477855,2077.5013124421093
55,8192,3,1222.7057291893288,1251.7916666110978,1245.5468750558794,1283.486979198642,2268.9296874887077,2143.062499953885
55,8192,4,1254.3593749869615,1293.2942708721384,1285.7200521975756,1324.6236980194226,2321.1822813209437,2166.7551875452773
55,8192,5,1252.123697893694,1293.4010417666286,1291.6692708386108,1328.889323049225,2369.252593780402,2184.674468821868
55,8192,6,1268.7356771202758,1297.6367187220603,1306.597656221129,1339.480468770489,2352.098968685823,2174.9544375779806
55,8192,7,1272.161458269693,1318.2604166213423,1307.117187534459,1346.9713542144746,2409.27606250807,2195.861968743884
55,8192,8,1267.9752603871748,1315.5794269405305,1295.5429687863216,1329.356770729646,2374.9335937282012,2179.964843776361
59,4096,0,852.6028644992039,886.9583331979811,881.7135416902602,888.9036459149793,1533.78124991832,1440.3724062503898
59,4096,1,853.9713543141261,888.7187499785796,879.9908854998648,888.7408855371177,1524.8164062313663,1443.4101562983415
59,4096,2,851.6927084419876,886.7721355054528,880.1536458777264,888.7838540831581,1537.6132812434662,1440.8424374323658
59,4096,3,850.4062499850988,886.6940103471279,880.0794271519408,889.157552155666,1529.7643125222748,1449.8919374545949
59,4096,4,852.196614490822,886.7747394833714,883.7109375745058,889.5742187742144,1524.6380312419205,1447.1939999793904
59,4096,5,877.5390625232831,894.6783853461966,902.1627603797242,896.8124999664724,1559.7278750192345,1538.3372499400139
59,4096,6,874.6080729179084,926.1796874925494,909.1979166259989,919.8984374525025,1642.842437490799,1580.3684686943598
59,4096,7,888.5052083060145,922.9648436885327,921.3619793299586,925.2877604449168,1709.4453124855136,1611.2864686874673
59,4096,8,900.5716146202758,937.1458333916962,924.6549478266388,936.6458333097398,1715.502593697238,1586.7395937902984
59,8192,0,1126.238281140104,1178.5989581840113,1172.9570312891155,1224.7513021575287,2022.7070313012518,1970.333343706443
59,8192,1,1179.964843671769,1230.4166665999219,1230.0807292340323,1271.7916667461395,2122.9518437166917,2013.914062558797
59,8192,2,1241.4466146146879,1255.4804687388241,1249.2161457194015,1297.3997396184132,2242.320312461743,2134.992187507123
59,8192,3,1248.5716146184132,1282.0507811848074,1282.0442707743496,1318.6809894395992,2358.303406253981,2153.430968746761
59,8192,4,1272.0963542815298,1294.0156249096617,1304.1927084559575,1333.3684895187616,2386.4687499326465,2180.9492186548596
59,8192,5,1269.226562581025,1305.5690103210509,1314.8893230827525,1341.1744791083038,2413.087250033641,2204.756500077565
59,8192,6,1264.920572983101,1307.0664062397555,1305.7499999413267,1342.7656249841675,2411.4518437272636,2153.9817812481488
59,8192,7,1277.5156249990687,1296.7695312108845,1301.9960938254371,1346.4635416166857,2412.947937500576,2202.119781259171
59,8192,8,1281.9882811745629,1315.042968839407,1317.5039063207805,1360.5755207827315,2435.556000023098,2209.02606247364
63,4096,0,851.2695311801508,886.6848958423361,876.2786459410563,891.4544269209728,1525.3411251023863,1453.1666562334067
63,4096,1,850.4895834485069,890.4218750540167,878.445312497206,888.6770833050832,1527.7851562132128,1445.261718799884
63,4096,2,851.8671875353903,888.0130207398906,876.8463543383405,889.6536456886679,1534.4531249184001,1452.2773436738134
63,4096,3,852.1901043131948,897.9882812127471,882.7539063058794,899.4856770150363,1538.114593699902,1504.109374991458
63,4096,4,885.1809895131737,919.0377605846152,887.091145850718,926.4192708069459,1624.3281249899155,1476.3294375370606
63,4096,5,885.6979166157544,933.9062499348074,918.3776042191312,926.5390625223517,1677.4036563447225,1563.973937436458
63,4096,6,897.6640624459833,935.6536457780749,931.2708332436159,936.8346353294328,1728.9726562239593,1626.1640624861684
63,4096,7,906.0950520215556,948.2955728890374,935.3098958963528,946.3528646156192,1772.2330625247196,1647.2213437737082
63,4096,8,922.7643228368834,958.8255209382623,948.1744791846722,959.7656249534339,1803.5950312196292,1669.5755313094196
63,8192,0,1138.3359375176951,1185.1497396128252,1167.3580728238449,1238.2005208637565,2157.6575625203986,1991.13540622875
63,8192,1,1239.8190104868263,1271.1145833600312,1264.8945312248543,1307.8346353722736,2223.1940312167353,2118.3281249932406
63,8192,2,1242.3294270411134,1299.4244792498648,1280.0026041222736,1332.0976563263685,2340.251312489272,2190.3984375057917
63,8192,3,1264.111979282461,1305.128906155005,1296.011718804948,1347.8697917889804,2391.193999983443,2221.80078128531
63,8192,4,1275.000000023283,1314.4023437052965,1299.5924479328096,1353.6731771891937,2436.5703125113214,2191.239593798855
63,8192,5,1273.0598958441988,1312.1223957277834,1308.8945312192664,1345.7200521370396,2417.692687458839,2180.636718776441
63,8192,6,1274.9960937071592,1311.7174479411915,1302.967448020354,1345.7408854737878,2429.87628132596,2222.588562517558
63,8192,7,1280.2213542163372,1311.3841145532206,1302.9401041567326,1351.39453120064,2446.8801874490964,2210.677093785307
63,8192,8,1279.1002605808899,1318.1276040850207,1304.0169269079342,1362.3723958153278,2430.731781259965,2218.8346249549795
