prefix_tokens,layer,plain_t1_us,old_t8_us,new_t8_us,new_vs_plain,new_vs_old
126,0,424.084,464.167,469.417,1.1069,1.01131
126,1,406.77,452.333,459.854,1.1305,1.01663
126,2,409.584,451.501,457.02,1.11581,1.01222
126,3,410.792,452.417,458.124,1.11522,1.01261
126,4,410.0,452.562,456.604,1.11367,1.00893
126,5,408.146,453.332,459.229,1.12516,1.01301
126,6,409.125,451.272,457.749,1.11885,1.01435
126,7,408.167,451.561,457.479,1.12081,1.0131
126,8,409.229,450.417,457.562,1.11811,1.01586
126,9,407.271,452.666,460.125,1.12978,1.01648
126,10,407.042,451.751,457.438,1.12381,1.01259
126,11,411.625,450.813,462.728,1.12415,1.02643
126,12,409.29,452.416,459.521,1.12273,1.0157
126,13,409.855,453.895,458.625,1.11899,1.01042
126,14,405.896,451.332,458.354,1.12924,1.01556
126,15,406.958,451.958,458.186,1.12588,1.01378
126,16,408.27,450.313,457.312,1.12012,1.01554
126,17,409.668,451.104,458.812,1.11996,1.01709
126,18,409.897,452.042,459.77,1.12167,1.0171
126,19,406.438,451.833,457.813,1.12641,1.01324
126,20,408.21,451.604,457.855,1.12162,1.01384
126,21,409.897,451.981,457.771,1.1168,1.01281
126,22,410.833,452.624,461.46,1.12323,1.01952
126,23,409.937,451.479,457.251,1.11542,1.01278
126,24,407.541,451.125,458.501,1.12504,1.01635
126,25,408.833,451.165,456.396,1.11634,1.01159
126,26,405.979,455.771,456.521,1.12449,1.00165
126,27,408.064,453.645,459.062,1.12498,1.01194
126,28,407.522,451.688,456.25,1.11957,1.0101
126,29,407.022,451.561,456.353,1.1212,1.01061
126,30,407.563,453.395,458.437,1.12482,1.01112
126,31,406.833,452.75,457.083,1.12351,1.00957
126,32,407.999,452.708,456.665,1.11928,1.00874
126,33,408.188,452.354,458.103,1.12229,1.01271
126,34,410.98,454.104,459.605,1.11832,1.01211
126,35,412.48,452.167,456.938,1.10778,1.01055
4095,0,500.458,640.104,582.02,1.16297,0.90926
4095,1,485.563,633.521,548.396,1.1294,0.86563
4095,2,485.271,632.771,557.958,1.14979,0.88177
4095,3,485.395,631.666,547.354,1.12765,0.86652
4095,4,485.896,632.103,545.0,1.12164,0.8622
4095,5,487.75,629.334,543.479,1.11426,0.86358
4095,6,484.563,628.395,543.022,1.12064,0.86414
4095,7,484.771,628.812,544.875,1.12399,0.86651
4095,8,486.792,629.854,546.73,1.12313,0.86803
4095,9,486.667,630.0,546.583,1.12311,0.86759
4095,10,489.833,630.083,551.687,1.12628,0.87558
4095,11,490.604,631.291,549.313,1.11967,0.87014
4095,12,489.062,633.624,549.291,1.12315,0.8669
4095,13,489.0,631.874,550.708,1.12619,0.87155
4095,14,486.855,629.939,545.916,1.12131,0.86662
4095,15,486.479,629.457,553.167,1.13708,0.8788
4095,16,485.834,628.459,545.208,1.12221,0.86753
4095,17,485.833,629.374,545.625,1.12307,0.86693
4095,18,484.417,630.937,541.835,1.11853,0.85878
4095,19,483.876,628.354,541.375,1.11883,0.86158
4095,20,487.791,630.063,541.042,1.10917,0.85871
4095,21,484.686,630.583,541.27,1.11674,0.85837
4095,22,490.208,632.626,550.605,1.12321,0.87035
4095,23,486.667,632.353,542.917,1.11558,0.85857
4095,24,487.937,630.251,543.562,1.114,0.86245
4095,25,487.521,632.437,546.209,1.12038,0.86366
4095,26,486.334,632.083,543.104,1.11673,0.85923
4095,27,490.707,630.479,541.896,1.10432,0.8595
4095,28,488.021,628.687,553.688,1.13456,0.88071
4095,29,487.458,628.98,544.792,1.11762,0.86615
4095,30,488.063,629.417,539.937,1.10629,0.85784
4095,31,485.083,630.208,539.98,1.11317,0.85683
4095,32,487.499,627.999,538.105,1.10381,0.85686
4095,33,487.249,631.313,542.103,1.11258,0.85869
4095,34,488.271,632.75,543.352,1.11281,0.85872
4095,35,490.084,631.126,547.042,1.11622,0.86677
8191,0,580.605,819.563,653.084,1.12483,0.79687
8191,1,567.73,819.749,637.0,1.12201,0.77707
8191,2,567.791,814.146,636.48,1.12097,0.78178
8191,3,568.561,813.665,636.375,1.11927,0.78211
8191,4,567.228,813.272,639.395,1.12723,0.7862
8191,5,565.958,814.064,635.748,1.12331,0.78096
8191,6,568.292,816.021,634.605,1.11669,0.77768
8191,7,567.646,814.188,632.793,1.11477,0.77721
8191,8,564.707,814.062,637.145,1.12828,0.78267
8191,9,564.853,812.958,635.77,1.12555,0.78205
8191,10,566.23,814.625,640.666,1.13146,0.78646
8191,11,568.708,814.104,639.125,1.12382,0.78507
8191,12,567.229,813.979,639.396,1.12723,0.78552
8191,13,568.043,813.146,632.354,1.11322,0.77766
8191,14,565.208,814.73,632.875,1.11972,0.77679
8191,15,565.77,818.501,638.23,1.12807,0.77975
8191,16,566.272,814.458,630.354,1.11316,0.77395
8191,17,566.625,812.084,632.146,1.11563,0.77842
8191,18,565.875,816.729,630.646,1.11446,0.77216
8191,19,566.501,818.667,630.0,1.11209,0.76954
8191,20,566.417,816.479,627.939,1.10862,0.76908
8191,21,565.75,817.209,631.375,1.116,0.7726
8191,22,570.249,817.918,634.25,1.11223,0.77544
8191,23,565.791,815.896,627.187,1.10851,0.76871
8191,24,563.542,819.166,629.0,1.11615,0.76785
8191,25,566.979,815.208,627.666,1.10704,0.76995
8191,26,566.249,816.187,625.0,1.10375,0.76576
8191,27,566.166,812.25,630.501,1.11363,0.77624
8191,28,564.167,814.667,627.187,1.11171,0.76987
8191,29,567.687,815.251,624.687,1.10041,0.76625
8191,30,568.416,816.771,630.124,1.10856,0.77148
8191,31,563.146,819.083,632.084,1.12242,0.7717
8191,32,564.041,818.479,628.022,1.11343,0.7673
8191,33,564.396,821.397,635.791,1.1265,0.77404
8191,34,565.708,819.896,633.187,1.11928,0.77228
8191,35,570.564,816.124,634.771,1.11253,0.77779
