engine,fp8_mode,context,capture_per_token_states,repetitions,min_ms,median_ms,max_ms
ollama-mlx,bf16-materialized,128,False,20,70.638542,71.1903545,74.249583
ollama-mlx,bf16-materialized,128,True,20,74.152166,75.4205415,77.948917
ollama-mlx,bf16-materialized,4096,False,20,74.778208,75.8528545,78.5915
ollama-mlx,bf16-materialized,4096,True,20,80.138417,81.4799165,83.507458
ollama-mlx,bf16-materialized,8192,False,20,81.766583,82.89725,85.742459
ollama-mlx,bf16-materialized,8192,True,20,84.993416,87.02781250000001,89.785291
ollama-mlx,bf16-materialized,16384,False,20,91.298208,92.6529165,95.404041
ollama-mlx,bf16-materialized,16384,True,20,95.222,96.9478125,99.291
ollama-mlx,bf16-materialized,32768,False,20,103.523541,113.8179375,119.144416
ollama-mlx,bf16-materialized,32768,True,20,107.945667,111.09575000000001,120.141834
vllm-metal,bf16,128,,20,76.49979200505186,78.03339599922765,80.43912499852013
vllm-metal,bf16,4096,,20,93.38125000067521,94.511354000133,99.80875000474043
vllm-metal,bf16,8192,,20,110.7063749950612,112.4027290061349,116.95162499381695
vllm-metal,bf16,16384,,20,145.58370799932163,147.1444995040656,151.5352919959696
vllm-metal,bf16,32768,,20,213.5127080109669,215.46187499916414,224.7154170036083
vllm-metal,mxfp8,128,,20,75.72795799933374,76.63425050122896,83.89474998693913
vllm-metal,mxfp8,4096,,20,92.47225000581238,98.69791650271509,103.04774998803623
vllm-metal,mxfp8,8192,,20,110.14520798926242,113.60241700458573,119.20687499514315
vllm-metal,mxfp8,16384,,20,144.09466700453777,145.9659164902405,152.68137500970624
vllm-metal,mxfp8,32768,,20,212.81579100468662,215.62612450361485,217.35866699600592
