layer,ctx,reps,steps,min_cosine,production_wall_us,production_gpu_us,default_wall_us,default_gpu_us,matched_control_wall_us,matched_control_gpu_us,megakernel_wall_us,megakernel_gpu_us,previous_geometry_wall_us,previous_geometry_gpu_us,packed_control_wall_us,packed_control_gpu_us,mlx_wall_us,mlx_bf16_wall_us,mlx_best_wall_us,default_over_production,wins_over_production,default_over_previous_geometry,wins_over_previous_geometry,default_over_mlx_best,wins_over_mlx_best,default_over_matched_control,wins_over_matched_control,default_over_packed_control,wins_over_packed_control,default_bit_exact
0,128,9,32,0.9999798457791951,642.4596356227994,636.2070314480661,597.8645833674818,591.9192706187459,595.9270833991468,589.1067710308562,598.476562416181,592.9270839715173,644.9778645765036,636.4674479755195,598.5742185730487,590.6692706503236,1045.0468751059816,1097.3593750804866,1045.0468751059816,0.9305869975596409,9,0.9269536463240383,9,0.57209355638411,9,1.0032512366400326,0,0.998814457449807,5,True
1,128,9,32,0.9999325778961844,644.848958356306,638.9361979017849,601.2643231078982,593.6158852364315,596.791666932404,589.8177087146905,598.3567708171904,592.2877603552479,640.5611978843808,633.02734406534,602.6796875521541,595.0651034254406,1046.199218762922,1102.0078125056898,1046.199218762922,0.9324110945925954,9,0.9386524271119283,9,0.5747130301042119,9,1.00749450172199,0,0.997651547789831,7,True
2,128,9,32,0.9999476965533507,646.4231768622994,639.2278644398175,599.3723955471069,593.5664062235446,597.1757811494172,590.8242185341805,600.0677081756294,594.0950518379395,639.1132811550051,632.730468396403,599.569010315463,593.6028644555336,1082.4700314060465,1093.0403750535334,1082.4700314060465,0.927213653533318,9,0.9378187141783714,9,0.5537080733482918,9,1.0036783380489105,2,0.9996720731642674,8,True
4,128,9,32,0.9999179952769274,649.484375026077,642.2981764444557,602.0169269759208,594.0794267189631,596.9856772571802,591.0429688356089,599.6888021472842,593.2760418545513,645.8541667088866,639.876303011988,599.251301959157,592.6132814693119,1064.559874976112,1104.5156250020227,1064.559874976112,0.9269151809106256,9,0.9321251731542592,9,0.5655078132542142,9,1.0084277561596726,2,1.0046151339308267,3,True
5,128,9,32,0.9999351585667082,648.7851561978459,641.6302071556856,601.8710937350988,595.1536454631423,595.834635430947,590.1835943404876,601.5520831570029,595.272135342384,641.4518230594695,633.6328133329516,600.7278643082827,593.83723873907,1039.098968703911,1098.4010311858583,1039.098968703911,0.9276893714127443,9,0.9382950863938833,9,0.5792240314566232,9,1.0101310966922659,0,1.0019030737456012,4,True
6,128,9,32,0.9999403362917793,645.4570312052965,638.5716148997744,600.4726563114673,594.3177088738594,598.1158853974193,590.8385414841177,599.7617186512798,594.1380206877511,640.8294271677732,633.58984448314,599.9843748286366,593.3372383424285,1034.3281248879066,1094.2057188003673,1034.3281248879066,0.9303061664541364,9,0.9370241609617277,9,0.5805436803495433,9,1.0039403248962064,0,1.0008138236649415,3,True
8,128,9,32,0.9999295998548848,647.91927090846,641.4908857550472,600.7760416250676,593.5364579272573,597.9114582296461,590.0559897327184,598.878906108439,592.4466147462226,641.2408852484077,634.4114594867278,596.6145836282521,590.5638022341009,1034.2994687562168,1093.7083436601824,1034.2994687562168,0.927239038256584,9,0.9368960330599247,9,0.5808530892387703,9,1.00479098260452,0,1.0069751194674257,1,True
9,128,9,32,0.9999388482665705,645.2343750279397,639.1783851995569,600.0468749552965,593.0195316068421,595.9335938096046,589.4570304008084,598.2408851850778,592.0026039802906,635.9765625093132,630.1549472027546,598.5781250055879,591.9192708461196,1027.4999999637657,1100.0585939200391,1027.4999999637657,0.9299673082812947,9,0.9435046986444716,9,0.5839872262544592,9,1.0069022474792821,0,1.0024537314150845,2,True
10,128,9,32,0.9999358507454505,646.4127604849637,640.7825517271704,597.4414062220603,591.6354168675753,594.0169272944331,588.1132813101431,599.3619791697711,592.955728961897,637.3541667126119,630.8567699306877,598.6015624366701,591.3750001127482,1091.153625111474,1090.8085937444412,1090.8085937444412,0.924241355900581,9,0.937377422828478,9,0.5477050782770339,9,1.0057649517552045,0,0.9980618890971698,7,True
12,128,9,32,0.9999292227101854,647.9153644759208,641.0507812688593,600.0182291027158,593.7955731951661,595.557291759178,589.3164063763834,597.2408854868263,591.2044266551675,637.5768231227994,631.3984376902226,598.8411461003125,590.9830729251553,1051.9869688323524,1096.3072813865438,1051.9869688323524,0.9260750122634497,9,0.9410916572592388,9,0.5703665985223211,9,1.007490358031485,1,1.0019656014121083,3,True
13,128,9,32,0.9999341247594534,647.2500001545995,639.236979850466,599.1445311810821,593.2096362357697,595.5520831048489,589.2213534934854,599.0312499925494,592.9804688094009,640.4375000856817,632.1901037154021,600.0442707445472,594.2083334957715,1058.0091250176338,1098.5104063365725,1058.0091250176338,0.9256771433572388,9,0.9355238116145992,9,0.5662942946461792,9,1.006032130821379,0,0.9985005446975626,8,True
14,128,9,32,0.9999326974719659,645.1341148931533,638.1992172919126,600.0624999869615,594.134114408007,594.8828123509884,588.966144960068,598.3437499962747,592.3242190419842,636.4244793076068,630.5026042809914,598.2408854179084,591.6354168675753,1026.653656253984,986.7291873888462,986.7291873888462,0.9301360540921688,9,0.9428652094586225,9,0.608132917984204,9,1.0087070722643723,0,1.0030449516464937,0,True
16,128,9,32,0.999930190771205,646.9218749552965,640.540364656772,597.9856771882623,592.3541671108978,595.3684896230698,588.9817709885392,596.3880210183561,590.3723952087603,640.0572918355465,631.2708324003324,598.8541666883975,590.5351565616002,1063.3242186486314,1096.0182187318424,1063.3242186486314,0.924355320693993,9,0.9342689862549151,9,0.5623737959699975,9,1.0043959121297292,1,0.9985497479212045,6,True
17,128,9,32,0.9999332421937182,647.5794273428619,640.8164060758281,599.826822988689,594.0638018273603,596.261718776077,589.5468748349231,598.6822918057442,592.9049480073445,638.2669270969927,631.2122397957864,596.8346353620291,591.0937504722824,1053.936187418003,1097.3840937822388,1053.936187418003,0.9262598496216738,9,0.9397742504329034,9,0.5691301144694358,9,1.005979092905595,1,1.0050134282586414,2,True
18,128,9,32,0.9999363558509563,643.2499999646097,637.091146018065,598.4348957426846,592.5520836171927,596.7864582780749,590.1679678572691,597.4427082110196,592.0507810515119,639.3971354700625,631.0651040166704,600.3346357028931,592.4960933043621,1053.0585936976422,985.6562501227017,985.6562501227017,0.9303301916449425,9,0.9359361538314308,9,0.6071436118506701,9,1.0027621897945975,1,0.9968355316398091,8,True
20,128,9,32,0.9999351609539081,647.9440105613321,641.3606763544522,600.0559895765036,593.3854165505181,595.3307293821126,588.6341148197971,598.14453125,592.5195309828268,638.2591146975756,632.4244779989385,599.7369789984077,592.0690107359405,1036.1067811572866,1099.7799374763417,1036.1067811572866,0.9260923471715685,9,0.9401448028843683,9,0.5791449303191192,9,1.0079372018966588,0,1.000531917472604,3,True
21,128,9,32,0.9999389546122915,647.315104259178,640.8802084933996,598.9114583935589,592.682290744051,595.3867186326534,588.9583335374482,598.3281249646097,592.4622396378254,639.104166533798,631.6627600426727,595.5091146752238,589.4283854104287,1079.3789062972792,1092.3437500878208,1079.3789062972792,0.9252239820341982,9,0.9371108651063479,9,0.5548667431792562,9,1.0059200846283578,1,1.0057133360925812,1,True
22,128,9,32,0.9999302188817465,646.1471354123205,639.6888020390179,599.351562326774,593.3489585459029,595.4674480017275,589.7760422612919,598.3736980706453,592.2513014411379,639.045573072508,632.1627597571933,598.3658854383975,591.7812500229047,1053.6731874708494,1100.0807187429018,1053.6731874708494,0.927577527592558,9,0.9378854773144165,9,0.5688211197301207,9,1.006522798749253,0,1.0016472812243538,4,True
24,128,9,32,0.999925275645596,649.8776043299586,642.5455726457585,601.2864583171904,593.4114585670613,595.6432290840894,589.7825524243672,599.0299480035901,592.8932287133648,638.9244792517275,630.8541662747302,596.7773436568677,590.6679684812843,1038.2057189417537,1101.4322810751764,1038.2057189417537,0.9252303115401754,9,0.9410915966490804,9,0.579159262318535,9,1.0094741767513726,2,1.0075557738715284,2,True
25,128,9,32,0.9999341758641925,646.1132813710719,639.6731766926678,600.1223959028721,593.9596351254295,596.9492187723517,589.9257810142444,598.6666665412486,591.6419258937822,639.3020832911134,632.8072920496197,597.7903644088656,591.7799473991181,1045.0638126258127,1097.2096249588503,1045.0638126258127,0.9288191609827214,9,0.9387149073775185,9,0.5742447386011893,9,1.0053156567271269,0,1.0039010857866748,2,True
26,128,9,32,0.9999330545359459,646.0390624124557,639.407551716431,600.113281281665,592.8046866756631,595.6992188002914,589.4622399864602,598.2669270597398,592.2994801039749,638.5533853899688,632.3580726075306,599.9505207873881,593.0872391672892,1044.6171875173604,1095.365875016796,1044.6171875173604,0.9289117581229632,9,0.9398012680101474,9,0.5744815310840286,9,1.0074098846230874,0,1.0002712898624762,5,True
28,128,9,32,0.9999258008243385,647.6901043206453,641.2903642285528,599.5117186103016,592.2643233589042,596.061198040843,589.1367184176488,599.4062500540167,593.3541679041809,640.5911459587514,634.0624995573307,599.0572916343808,590.7799477427034,1064.90362486511,1101.657562685432,1064.90362486511,0.9256150659258914,9,0.9358726270139628,9,0.5629727466523001,9,1.0057888696341917,2,1.0007585701439023,6,True
29,128,9,32,0.9999253650645736,646.8190106097609,639.8802077001164,599.2682292126119,593.7213550168963,596.1223957128823,589.4361984246643,599.6197918429971,593.3268230364774,640.0364581495523,633.2851569368358,598.4127605333924,591.9023426486092,1039.2929686986463,1099.4140623097337,1039.2929686986463,0.9264851826907151,9,0.9363032708249028,9,0.5766114534220196,9,1.0052771603991957,0,1.0014295628964478,2,True
30,128,9,32,0.9999197890938254,644.2057292442769,637.6315102443186,599.2604165803641,593.0299478222878,595.1380205806345,588.3815106244583,598.5625002067536,592.8997395585611,638.8359374832362,633.2005211788783,595.6901041790843,588.7929685286508,1044.1692500080535,1099.841156246839,1044.1692500080535,0.9302314297691229,9,0.9380505720157445,9,0.5739111897575437,9,1.0069267898490297,0,1.0059935734641756,0,True
32,128,9,32,0.9999247699238824,645.3541666269302,639.4244796865678,598.819010425359,592.6653645929036,596.3528647553176,589.8919268929603,597.5937501061708,592.3736987369921,638.9127604197711,633.0768221687322,597.830728860572,590.596353958972,1033.686187611238,1101.385406400368,1033.686187611238,0.9278920651511459,9,0.9372469099410847,9,0.5793044519721982,9,1.0041353799332435,2,1.0016531126907287,1,True
33,128,9,32,0.9999224928467909,645.1276040170342,638.9414058958209,599.3593749590218,593.5143235547002,594.8385416995734,588.8307293844264,598.7682288978249,592.3476567204489,637.1276043355465,630.888021305509,598.0390624608845,591.704427051809,1051.67446872656,1096.800781397178,1051.67446872656,0.929055540682144,9,0.9407210908466087,9,0.5699095991982838,9,1.0076001014435472,0,1.0022077362182737,3,True
34,128,9,32,0.9999225700809041,645.708333235234,639.7604172434512,599.8333333991468,594.1080728462111,596.1588541977108,589.9322911773197,599.050781223923,593.3867187195574,638.6093751061708,633.3815106245311,596.9635415822268,591.2122392146557,1100.3125000570435,1098.096343639554,1098.096343639554,0.9289539913381065,9,0.9392805003832314,9,0.5462483659776576,9,1.0061635907536441,0,1.0048073150486105,1,True
36,128,9,32,0.9999309014412263,645.7343751098961,638.7786454524758,600.3346352372319,593.3658851517976,597.3828125279397,589.6757809296105,598.4674480278045,591.2903643547907,640.2747395914048,633.9622398172651,597.410156391561,590.809895811617,1044.1536562666442,1099.5051875397621,1044.1536562666442,0.929692855727345,9,0.9376203653143321,9,0.5749485543954511,9,1.0049412581804973,0,1.004895261344961,2,True
37,128,9,32,0.999926444748427,644.9270832818002,638.8059898654319,599.885416449979,592.81380322318,595.6432290840894,589.4088542390818,600.1640625763685,593.91015656729,639.0507812611759,633.009115290406,601.6679685562849,594.934895843835,1052.4335939408047,1101.3971561624203,1052.4335939408047,0.9301600630529882,9,0.938713219732079,9,0.5699983541989825,9,1.0071220273458201,0,0.997037315929277,6,True
38,128,9,32,0.9999340657779187,644.3398436531425,638.4635419180995,599.5260416530073,591.9036452723958,595.4049481078982,589.3515626667067,598.0937499552965,592.1953134020441,635.3606770280749,629.2682289767981,597.6835936307907,591.65234347347,1059.8138126169943,1092.4921875812288,1059.8138126169943,0.9304500529626426,9,0.9435995385444917,9,0.5656899679129487,9,1.0069214969714397,2,1.0030826478120707,4,True
40,128,9,32,0.9999254297408964,647.8450521826744,639.0182288669166,598.7513021100312,591.971353514964,595.6054686103016,588.5312502869056,598.1861979234964,591.6874995364196,639.0794271137565,632.5234371615807,597.9479169473052,592.0039054672088,1038.1484373738203,1101.4531251021253,1038.1484373738203,0.9242199197057384,9,0.936896536967467,9,0.5767492205880291,9,1.0052817404565972,0,1.00134357046819,6,True
41,128,9,32,0.999927090952307,647.2864581737667,640.6249992778612,599.1145833395422,593.0078127676097,596.0364583879709,589.6953125557047,599.8932293150574,593.5755214068195,640.2044270653278,632.358073062278,596.0299479775131,589.661458207047,1037.5754998221964,1102.2317812603433,1037.5754998221964,0.925578738399479,9,0.9358176201402733,9,0.5774178201414828,9,1.0051643232695804,1,1.0051753026378893,4,True
42,128,9,32,0.9999249713708417,646.51432284154,639.574217984773,601.2343750335276,594.4296867710364,597.6354167796671,590.6705723646155,599.5351562742144,593.0416664341465,640.5585936736315,634.1979167245881,596.8085937201977,591.1718749302963,1027.9974062541442,1095.1432500405645,1027.9974062541442,0.9299629626007366,9,0.9386094901723544,9,0.5848598171315705,9,1.0060219962753434,0,1.0074157466227855,1,True
44,128,9,32,0.9999251632524486,647.6744792889804,641.0559897176427,599.3945312220603,593.9713541920355,596.9127602875233,589.3307284168259,600.0664061866701,593.7526041179808,639.7304688580334,632.3203126612498,597.0716145820916,589.7981775433436,1046.3762812378263,1097.0885311962775,1046.3762812378263,0.9254564605974255,9,0.9369485438016173,9,0.5728288589578863,9,1.004157677804277,0,1.0038905159502427,1,True
45,128,9,32,0.9999214359763601,645.8294272888452,639.5820309990086,599.0859374869615,592.8515624873398,596.3333332911134,589.8424478800735,599.523437442258,593.2682299771841,640.5559896957129,632.9635416477686,603.5677080508322,595.3593754384201,1085.415343823115,1097.4570313919685,1085.415343823115,0.9276225457887384,9,0.9352592858768658,9,0.551941651549558,9,1.004615881826791,2,0.9925745355424264,9,True
46,128,9,32,0.9999222867005657,645.7499999087304,639.2369793957187,600.2083332277834,594.436197388859,596.0976560600102,589.5872398014035,597.5039061158895,591.5664055464731,638.7239582836628,632.8007812044234,600.3229166381061,592.4414065248129,1083.824218767404,1096.8776250592782,1083.824218767404,0.9294747709061033,9,0.9396991070142788,9,0.5537875264592073,9,1.0068959794187806,0,0.9998091303744252,2,True
48,128,9,32,0.9999262976023836,646.0312497802079,639.3346347977058,598.5078124795109,592.4882805175002,595.8958331029862,589.0585928227665,598.7018230371177,592.6809899392538,642.6927084103227,636.8372401084343,599.2825520224869,592.4804684127594,1044.37368759136,1096.0078125208383,1044.37368759136,0.9264378660987911,9,0.9312503544032708,9,0.5730782186401593,9,1.004383281827838,1,0.9987072215929508,7,True
49,128,9,32,0.9999260853937191,646.0885419510305,639.8645837180084,598.2760414481163,592.0182286445197,595.8632812835276,588.9401033982722,598.260416649282,592.3658859501302,646.269531454891,638.8320305177331,597.787760430947,591.7252599374478,1099.0078123995772,1098.3281251810695,1098.3281251810695,0.9259969843165272,9,0.9257376563943359,9,0.5447152155458871,9,1.004049184167535,1,1.0008168133399342,3,True
50,128,9,32,0.9999227618111776,644.9440103024244,638.9505206243484,599.9895832501352,593.8007811892021,594.7526039090008,588.9791659683397,600.1406251452863,593.2799483616691,647.4609375,637.7786460234347,600.3398436587304,594.164062931668,1063.1640625433647,1099.220062542372,1063.1640625433647,0.9302971632666076,9,0.9266807439640097,9,0.5643433637277055,9,1.0088053071255418,0,0.999416563114551,5,True
52,128,9,32,0.9999156146194571,646.9062499236315,640.2539063401491,600.1718749757856,593.9309892255551,596.350260078907,589.6432282952446,598.7747395411134,592.8320313159929,653.0234375968575,646.1796872372361,600.4687498789281,594.3710941664904,1041.3880313535628,1097.9935000250407,1041.3880313535628,0.9277571132550304,9,0.9190663618206921,9,0.5763191595314394,9,1.0064083394486538,1,0.9995055947487653,5,True
53,128,9,32,0.9999123175532844,643.985676812008,637.1184904310212,597.9192708618939,591.5429687775031,595.2473958022892,588.9570311410353,597.8085936512798,591.8203125929722,642.6705729681998,636.6875004459871,600.7291665300727,592.2044269937032,1058.9869998511858,1094.9609375074942,1058.9869998511858,0.9284667227722181,9,0.9303666544126639,9,0.564614363486914,9,1.0044886799647454,0,0.9953225249834142,8,True
54,128,9,32,0.9999164547483629,645.9778642747551,639.0950516106386,601.5507811680436,594.1835938756412,596.7929686885327,590.3736980599206,598.6197916790843,592.2942707456968,652.3177085909992,643.4648435060808,597.5429688114673,590.7122404096299,1039.3333436695684,1096.6223749164783,1039.3333436695684,0.9312250689014087,9,0.9221745374158066,9,0.5787852230778545,9,1.0079722998244538,0,1.0067071534027887,0,True
56,128,9,32,0.9999022959094745,644.6132813580334,638.1627604241658,599.4140624534339,592.9830726927321,596.4283854700625,589.7122396163468,599.0729166660458,591.9049488056771,655.5325519293547,646.756510150226,601.3632812537253,592.7734373472049,1028.726562481097,1099.058593808877,1028.726562481097,0.9298816511981005,9,0.914392520538067,9,0.582675789966732,9,1.0050059270418832,0,0.9967586667476144,9,True
57,128,9,32,0.9999030519716976,645.7656249403954,639.1992192220641,601.8098958302289,594.0494784226757,595.1757812872529,588.6328119686368,600.2434897236526,594.0559899499931,646.8138021882623,641.2734373952844,597.9062498081475,591.5182298394939,1061.6302188282134,1095.5130001093494,1061.6302188282134,0.9319323800887922,8,0.930422161361154,9,0.5668733662220764,9,1.0111464793285567,0,1.0065288597055708,1,True
58,128,9,32,0.9999010491538328,646.1653644219041,639.4101560545096,599.5481770951301,593.928386024345,595.0768229085952,589.2916672110005,599.5924479793757,593.0403647198546,642.764322925359,634.953124290405,601.2500000651926,593.548176539116,1051.7083126160287,1098.3268439304084,1051.7083126160287,0.927855638984178,9,0.9327651764591679,9,0.5700707790393028,9,1.007513910833697,0,0.9971695252060242,4,True
60,128,9,32,0.9998996624860939,646.7460936401039,640.5390622603591,600.2760417759418,593.7278649525979,596.7942711431533,590.1861975416978,598.4414061531425,592.3242192693579,658.8033852167428,650.5755211492215,599.649739684537,593.5455735652795,1034.2395937641413,1095.4310000670375,1034.2395937641413,0.9281479203026755,9,0.9111611373679482,9,0.5804032696052778,9,1.0058341220771427,1,1.001044446532628,4,True
61,128,9,32,0.9999042613075471,645.6028649117798,638.8307292581885,599.0794270765036,592.3359374264692,595.7799479365349,589.8125002659071,599.2682292126119,592.7916665768862,658.7421875447035,649.1445308256516,602.1796874701977,594.1302085830102,1022.5781250028376,1094.458312536517,1022.5781250028376,0.9279379935192303,9,0.9094292705154078,9,0.5858519876658238,9,1.0055380835682644,0,0.9948516025063574,8,True
62,128,9,32,0.999883354758342,647.6484374143183,641.0221344594902,600.212239427492,593.6588538588694,595.3736980445683,588.8138023237843,599.7031249571592,593.2239585035859,648.751302389428,642.3945317237667,597.1002602018416,590.7122401822562,1092.5976562248252,1096.3997185626795,1092.5976562248252,0.9267562534757108,9,0.9251807853284288,9,0.5493442494663247,9,1.0081268981125893,0,1.0052118202470695,1,True
